EC_Limit,pH,Temperature(Farenheit),Humidity,Fruit
8,6.229256978669662,72,67,No Fruits (from harvest)
12,5.963678338729622,66,69,No Fruits (from harvest)
9,5.441486114554699,57,45,No Fruits (from harvest)
7,6.447819231511284,56,66,No Fruits (from harvest)
13,5.417461472051184,70,70,No Fruits (from harvest)
10,6.009028714849897,71,47,No Fruits (from harvest)
10,4.9464646261671135,85,70,No Fruits (from harvest)
7,5.698941256824707,85,55,Fruits (from harvest)
6,5.847963675188156,78,67,No Fruits (from harvest)
7,6.057459932300958,58,46,No Fruits (from harvest)
5,5.214189704332224,85,50,No Fruits (from harvest)
13,5.798967215376077,91,62,Fruits (from harvest)
7,4.966824271299659,78,50,No Fruits (from harvest)
9,5.692609379467403,60,59,No Fruits (from harvest)
9,5.953707105948672,58,59,No Fruits (from harvest)
15,4.574743575404218,73,62,No Fruits (from harvest)
14,6.10611912444038,94,45,No Fruits (from harvest)
13,6.468616448183932,78,65,No Fruits (from harvest)
15,4.7669621713378385,78,67,No Fruits (from harvest)
14,6.337605136896135,72,55,No Fruits (from harvest)
11,4.610149454304806,78,68,No Fruits (from harvest)
6,5.06747746821085,96,48,No Fruits (from harvest)
13,5.710408160501626,62,55,No Fruits (from harvest)
9,4.9377883978403245,74,65,No Fruits (from harvest)
8,6.363569915437115,64,64,No Fruits (from harvest)
15,4.5834320692865225,99,70,No Fruits (from harvest)
11,4.540103984743461,72,45,No Fruits (from harvest)
9,6.381647560707485,81,54,No Fruits (from harvest)
9,6.25391653765947,90,70,No Fruits (from harvest)
15,6.268261851476504,57,47,No Fruits (from harvest)
11,6.434739088407176,66,62,No Fruits (from harvest)
8,5.5048922434374825,78,54,Fruits (from harvest)
14,4.607377780347162,76,61,No Fruits (from harvest)
7,5.175529443979807,58,47,No Fruits (from harvest)
9,6.202996236083598,89,47,No Fruits (from harvest)
15,6.405634070389116,75,45,No Fruits (from harvest)
6,6.46998830463709,99,60,No Fruits (from harvest)
15,5.814415132071587,97,61,No Fruits (from harvest)
15,6.023419573799339,89,58,No Fruits (from harvest)
10,5.9339083646286275,88,49,No Fruits (from harvest)
13,6.1658960368236055,82,70,No Fruits (from harvest)
7,5.6969187777025345,81,65,Fruits (from harvest)
14,5.608865170234962,95,55,Fruits (from harvest)
14,4.857989538536188,80,70,No Fruits (from harvest)
9,5.166594205314957,60,48,No Fruits (from harvest)
7,6.087244474718687,83,66,No Fruits (from harvest)
14,6.295939093139459,94,68,No Fruits (from harvest)
7,5.879036794394668,95,64,Fruits (from harvest)
12,6.440988163623536,69,46,No Fruits (from harvest)
12,4.81040086159747,90,54,No Fruits (from harvest)
5,4.919012012309401,96,52,No Fruits (from harvest)
7,6.0683199039294635,55,46,No Fruits (from harvest)
9,6.428992508747793,76,62,No Fruits (from harvest)
5,5.009140994863369,74,57,No Fruits (from harvest)
10,4.808276876411269,57,70,No Fruits (from harvest)
7,4.689568251645784,85,69,No Fruits (from harvest)
13,5.215673718711904,87,45,No Fruits (from harvest)
13,5.451421044318355,96,45,No Fruits (from harvest)
13,4.613259970884728,80,67,No Fruits (from harvest)
6,6.175071974848693,75,46,No Fruits (from harvest)
5,6.415885172506668,95,55,No Fruits (from harvest)
7,5.5738505876208295,100,47,No Fruits (from harvest)
11,5.430818704203727,76,65,No Fruits (from harvest)
11,4.849947243030137,66,45,No Fruits (from harvest)
9,4.609098287457047,90,50,No Fruits (from harvest)
9,6.15924829664736,66,54,No Fruits (from harvest)
15,5.25845227172489,65,70,No Fruits (from harvest)
11,5.313298416654458,94,68,No Fruits (from harvest)
10,4.732204127502728,97,55,No Fruits (from harvest)
11,6.351042216107364,65,48,No Fruits (from harvest)
8,5.926278316156162,66,66,No Fruits (from harvest)
14,5.506211332658489,83,62,Fruits (from harvest)
6,5.075834054694195,67,69,No Fruits (from harvest)
5,5.554967094922108,87,60,Fruits (from harvest)
10,5.702142099148683,85,56,Fruits (from harvest)
15,6.399175658468261,88,53,No Fruits (from harvest)
10,4.584888466025247,66,62,No Fruits (from harvest)
11,6.434553486989541,83,53,No Fruits (from harvest)
12,6.116789045755018,94,47,No Fruits (from harvest)
8,5.029164247788511,57,70,No Fruits (from harvest)
12,5.418419851378438,96,68,No Fruits (from harvest)
14,4.641765827009099,68,46,No Fruits (from harvest)
15,4.874863808213645,91,64,No Fruits (from harvest)
15,5.408768077815553,68,70,No Fruits (from harvest)
7,5.98432356177999,79,56,Fruits (from harvest)
9,4.895066606677236,86,62,No Fruits (from harvest)
11,5.4177653875040015,70,50,No Fruits (from harvest)
7,5.781536042296491,77,51,Fruits (from harvest)
15,6.372257434878778,80,67,No Fruits (from harvest)
12,4.8134371644593745,85,58,No Fruits (from harvest)
10,5.045118243984263,62,70,No Fruits (from harvest)
6,5.204338256635735,88,61,No Fruits (from harvest)
10,5.079401830436768,64,50,No Fruits (from harvest)
8,5.996631879132044,96,66,No Fruits (from harvest)
6,5.021903339226074,94,54,No Fruits (from harvest)
8,5.9689551069756,92,58,Fruits (from harvest)
10,5.88995850459651,71,57,Fruits (from harvest)
8,5.982900332300538,98,65,No Fruits (from harvest)
7,6.262225838911187,85,69,No Fruits (from harvest)
10,5.945605163920125,81,65,Fruits (from harvest)
9,4.531131957683131,90,67,No Fruits (from harvest)
7,5.4809689547904785,56,47,No Fruits (from harvest)
10,6.434280665639296,83,68,No Fruits (from harvest)
5,6.40003108476507,75,62,No Fruits (from harvest)
11,5.1995506750671705,86,49,No Fruits (from harvest)
9,6.467636015580626,95,54,No Fruits (from harvest)
10,4.840218910272185,71,60,No Fruits (from harvest)
15,6.329997975418308,94,50,No Fruits (from harvest)
6,6.3721422815283315,55,61,No Fruits (from harvest)
12,4.959049447257333,59,48,No Fruits (from harvest)
15,4.597535096597312,60,57,No Fruits (from harvest)
15,5.064488099893048,78,57,No Fruits (from harvest)
5,5.367105033120955,91,70,No Fruits (from harvest)
7,6.379389071957139,55,67,No Fruits (from harvest)
8,4.631218703061145,98,56,No Fruits (from harvest)
11,6.064887854033236,80,62,No Fruits (from harvest)
10,5.734366986056961,57,58,No Fruits (from harvest)
8,5.649436008105004,82,68,No Fruits (from harvest)
11,5.702231795141989,93,46,No Fruits (from harvest)
11,5.970153217087035,99,54,No Fruits (from harvest)
6,6.2786629846339235,90,70,No Fruits (from harvest)
9,5.005875616459296,82,56,No Fruits (from harvest)
15,5.973238236422934,67,63,Fruits (from harvest)
8,5.758362608334632,59,53,No Fruits (from harvest)
15,6.378366803598546,60,47,No Fruits (from harvest)
5,5.632604241518498,90,61,Fruits (from harvest)
13,4.591055711846499,63,50,No Fruits (from harvest)
14,5.9421958618341035,60,47,No Fruits (from harvest)
7,5.830161537591614,88,62,Fruits (from harvest)
10,5.972016678022818,83,66,No Fruits (from harvest)
14,5.231613562887075,72,64,No Fruits (from harvest)
10,5.349484351082061,67,58,No Fruits (from harvest)
13,4.940310607107259,76,65,No Fruits (from harvest)
13,5.344474784322488,95,54,No Fruits (from harvest)
8,6.262976221729963,81,50,No Fruits (from harvest)
11,5.07865776761799,84,67,No Fruits (from harvest)
9,5.875214515220745,56,60,No Fruits (from harvest)
14,4.514595587661854,74,65,No Fruits (from harvest)
8,5.157910151090417,97,54,No Fruits (from harvest)
8,5.015250659874791,59,65,No Fruits (from harvest)
10,6.056312668824706,86,52,No Fruits (from harvest)
8,4.5704102287445165,90,61,No Fruits (from harvest)
9,6.427661194309832,98,45,No Fruits (from harvest)
9,5.348392471702377,56,69,No Fruits (from harvest)
12,5.129946365561692,72,62,No Fruits (from harvest)
11,5.66618898799544,75,53,Fruits (from harvest)
9,4.684934169498028,96,60,No Fruits (from harvest)
6,6.1461063401374165,91,70,No Fruits (from harvest)
12,5.003965553592193,60,55,No Fruits (from harvest)
12,4.959032975872551,61,65,No Fruits (from harvest)
5,4.855623915120405,55,55,No Fruits (from harvest)
8,4.676542836850212,59,47,No Fruits (from harvest)
14,5.346347221250516,63,52,No Fruits (from harvest)
8,5.530724404392998,80,50,Fruits (from harvest)
6,5.396116337709253,83,67,No Fruits (from harvest)
12,4.556461643798871,89,64,No Fruits (from harvest)
7,6.210893433233065,76,49,No Fruits (from harvest)
5,4.839133112926105,91,69,No Fruits (from harvest)
6,5.072238752077694,66,64,No Fruits (from harvest)
10,5.818765178891548,65,64,Fruits (from harvest)
9,5.979614307237576,99,68,No Fruits (from harvest)
11,4.992278289508489,64,53,No Fruits (from harvest)
12,4.91671688440913,80,65,No Fruits (from harvest)
8,5.963410400041279,84,69,No Fruits (from harvest)
10,5.996670748514628,74,59,Fruits (from harvest)
11,4.622177655596809,86,62,No Fruits (from harvest)
6,4.921224034992322,55,57,No Fruits (from harvest)
14,4.525675347471498,74,60,No Fruits (from harvest)
13,5.952203247246668,57,68,No Fruits (from harvest)
7,6.020694827644719,97,70,No Fruits (from harvest)
12,5.78097312276328,85,50,Fruits (from harvest)
10,5.352865815735898,87,65,No Fruits (from harvest)
8,5.927184290186452,62,65,No Fruits (from harvest)
13,4.933309167822907,71,51,No Fruits (from harvest)
9,4.947363640617041,65,68,No Fruits (from harvest)
8,5.744753451478104,70,66,No Fruits (from harvest)
11,6.290110873372701,89,60,No Fruits (from harvest)
10,6.299273517597131,60,50,No Fruits (from harvest)
5,5.5230229020118005,60,45,No Fruits (from harvest)
11,5.471405749119547,74,63,No Fruits (from harvest)
5,5.6757080632819275,58,57,No Fruits (from harvest)
11,6.17362561746149,99,65,No Fruits (from harvest)
11,6.270840524781917,92,54,No Fruits (from harvest)
9,4.64128471397613,91,68,No Fruits (from harvest)
8,5.442729294520115,94,48,No Fruits (from harvest)
9,6.352623463453098,69,59,No Fruits (from harvest)
15,5.991439007191486,86,68,No Fruits (from harvest)
7,4.720640262301831,64,50,No Fruits (from harvest)
13,6.240321476118747,67,65,No Fruits (from harvest)
7,5.6986675347125955,75,48,No Fruits (from harvest)
15,5.817431341403784,74,49,No Fruits (from harvest)
8,5.721718598133712,63,62,No Fruits (from harvest)
14,5.2964477360951525,56,64,No Fruits (from harvest)
8,6.470514333365403,100,61,No Fruits (from harvest)
11,5.4452536509670635,63,52,No Fruits (from harvest)
11,6.380923181708473,100,70,No Fruits (from harvest)
10,4.534330949073794,60,48,No Fruits (from harvest)
9,4.787138261530639,99,47,No Fruits (from harvest)
10,4.671620915358053,73,57,No Fruits (from harvest)
6,4.585125597939507,56,67,No Fruits (from harvest)
6,4.500519021241602,71,69,No Fruits (from harvest)
6,5.295303688971928,85,57,No Fruits (from harvest)
11,4.821300586946188,64,45,No Fruits (from harvest)
10,5.995487066708658,58,64,No Fruits (from harvest)
9,4.623415789211521,64,60,No Fruits (from harvest)
9,6.220188946869282,75,60,No Fruits (from harvest)
7,5.644973502429611,90,64,Fruits (from harvest)
9,5.429418213154065,73,56,No Fruits (from harvest)
12,5.574495289313262,84,45,No Fruits (from harvest)
14,4.744115749697697,70,56,No Fruits (from harvest)
7,4.75291467806816,74,60,No Fruits (from harvest)
15,5.822663160837799,61,48,No Fruits (from harvest)
8,6.354151124491592,66,50,No Fruits (from harvest)
7,6.475190846597367,56,46,No Fruits (from harvest)
9,6.275824380740739,93,55,No Fruits (from harvest)
8,6.355587641850467,100,66,No Fruits (from harvest)
11,5.854868823457651,58,51,No Fruits (from harvest)
10,5.6484251646021715,59,46,No Fruits (from harvest)
12,4.933421026535169,100,62,No Fruits (from harvest)
5,6.485290523248782,62,55,No Fruits (from harvest)
15,5.578109794248473,72,63,Fruits (from harvest)
13,4.68203810308979,70,45,No Fruits (from harvest)
6,5.255498755765363,63,67,No Fruits (from harvest)
9,6.001823650385161,99,57,No Fruits (from harvest)
15,4.938319893207316,67,56,No Fruits (from harvest)
11,6.0102679825595535,63,55,No Fruits (from harvest)
8,5.70251276672778,67,66,No Fruits (from harvest)
8,5.338048661101084,100,70,No Fruits (from harvest)
11,5.604867652733183,88,54,Fruits (from harvest)
9,5.328107287632374,89,60,No Fruits (from harvest)
11,4.917525407252642,70,69,No Fruits (from harvest)
6,5.37611815038259,62,60,No Fruits (from harvest)
13,5.740634150269666,90,57,Fruits (from harvest)
11,5.779551488938564,92,61,Fruits (from harvest)
11,6.061166643212577,85,51,No Fruits (from harvest)
7,5.308346947569346,73,53,No Fruits (from harvest)
7,5.945121548556909,58,53,No Fruits (from harvest)
14,4.643342314752851,68,45,No Fruits (from harvest)
9,5.937397009245704,88,50,Fruits (from harvest)
8,5.442965575294001,92,50,No Fruits (from harvest)
14,4.778089825868335,58,45,No Fruits (from harvest)
12,4.6423067850609225,69,47,No Fruits (from harvest)
12,4.798423668852589,94,52,No Fruits (from harvest)
9,5.624472828034863,83,46,No Fruits (from harvest)
7,4.50454987762031,91,70,No Fruits (from harvest)
7,6.063075103263564,95,57,No Fruits (from harvest)
10,4.967414334185923,61,46,No Fruits (from harvest)
13,4.942474326999518,56,58,No Fruits (from harvest)
10,5.680009141619136,56,68,No Fruits (from harvest)
7,4.916643696955786,86,55,No Fruits (from harvest)
11,4.538997433925143,66,66,No Fruits (from harvest)
10,5.232510408123574,82,56,No Fruits (from harvest)
12,5.918560822282591,74,62,Fruits (from harvest)
15,5.9550521303000465,99,65,No Fruits (from harvest)
9,5.755551984414567,69,63,Fruits (from harvest)
6,5.271579578874284,83,54,No Fruits (from harvest)
6,4.6131490164774664,66,63,No Fruits (from harvest)
7,4.655340341535592,85,50,No Fruits (from harvest)
5,6.069891724825208,73,60,No Fruits (from harvest)
12,5.064300092510381,74,45,No Fruits (from harvest)
8,4.783178188909806,77,48,No Fruits (from harvest)
6,5.911908086227951,70,57,Fruits (from harvest)
15,5.90579285020471,92,56,Fruits (from harvest)
13,5.215386859446989,69,70,No Fruits (from harvest)
9,5.016172828274688,93,59,No Fruits (from harvest)
6,5.921226688773663,65,62,Fruits (from harvest)
11,5.129199710889068,73,67,No Fruits (from harvest)
15,4.518165169116131,71,67,No Fruits (from harvest)
8,5.213324001925928,55,47,No Fruits (from harvest)
11,5.452772009508919,76,63,No Fruits (from harvest)
9,5.492690788793427,73,60,No Fruits (from harvest)
13,6.003143883545083,91,65,No Fruits (from harvest)
13,6.374021876604079,63,57,No Fruits (from harvest)
5,4.526859674303371,98,47,No Fruits (from harvest)
8,6.106261832959078,75,50,No Fruits (from harvest)
15,5.880294865312585,97,57,No Fruits (from harvest)
12,5.817026110317238,57,60,No Fruits (from harvest)
15,5.65143945640717,63,58,No Fruits (from harvest)
5,4.514535077624344,96,57,No Fruits (from harvest)
13,4.687181989133874,69,53,No Fruits (from harvest)
9,6.106411395868916,91,59,No Fruits (from harvest)
15,5.461715981943003,87,65,No Fruits (from harvest)
9,6.445798951699441,59,50,No Fruits (from harvest)
14,4.818654163507269,70,64,No Fruits (from harvest)
6,5.592810221516219,56,55,No Fruits (from harvest)
5,5.2198729852100705,71,68,No Fruits (from harvest)
10,4.6637929445837685,87,49,No Fruits (from harvest)
9,5.820751187999047,71,59,Fruits (from harvest)
8,4.500984070436491,94,46,No Fruits (from harvest)
7,5.6585995339540895,91,70,No Fruits (from harvest)
15,5.149581725093119,70,70,No Fruits (from harvest)
9,6.031974327249921,73,49,No Fruits (from harvest)
11,5.2469380187134895,60,50,No Fruits (from harvest)
13,5.412564818818334,77,50,No Fruits (from harvest)
13,5.646362230481452,76,51,Fruits (from harvest)
11,5.352108129234006,81,63,No Fruits (from harvest)
5,4.7400756735475715,82,68,No Fruits (from harvest)
12,5.806286800245726,85,52,Fruits (from harvest)
10,5.628449810910235,96,47,No Fruits (from harvest)
9,4.578758942964072,98,60,No Fruits (from harvest)
14,6.167579451859453,86,45,No Fruits (from harvest)
9,5.03918030039821,67,61,No Fruits (from harvest)
12,5.903886350582054,83,51,Fruits (from harvest)
5,5.002831683457649,86,48,No Fruits (from harvest)
9,6.381037996165022,60,51,No Fruits (from harvest)
5,6.250861843799193,70,69,No Fruits (from harvest)
11,5.408773801227337,80,69,No Fruits (from harvest)
8,4.636851532995358,73,70,No Fruits (from harvest)
6,5.210898338118567,88,66,No Fruits (from harvest)
7,5.506350133700319,90,66,No Fruits (from harvest)
5,6.133056314842956,57,56,No Fruits (from harvest)
11,4.8089218458026615,59,56,No Fruits (from harvest)
10,5.619775358220824,73,55,Fruits (from harvest)
15,5.14779444219028,62,68,No Fruits (from harvest)
11,6.475117926567364,78,51,No Fruits (from harvest)
7,4.660372791119481,68,47,No Fruits (from harvest)
10,5.190608031408576,95,56,No Fruits (from harvest)
14,5.352798258447844,72,45,No Fruits (from harvest)
5,6.475849910289236,68,60,No Fruits (from harvest)
8,5.353441708451965,76,69,No Fruits (from harvest)
15,6.029057114734265,65,59,No Fruits (from harvest)
8,5.360622701391625,87,55,No Fruits (from harvest)
9,4.509991920365249,84,63,No Fruits (from harvest)
9,6.094017571874433,67,51,No Fruits (from harvest)
13,6.250689511516454,62,46,No Fruits (from harvest)
6,5.160748461455506,90,46,No Fruits (from harvest)
6,5.937799740812927,73,68,No Fruits (from harvest)
13,5.39860879687534,99,53,No Fruits (from harvest)
12,6.12116605056426,95,51,No Fruits (from harvest)
7,5.509460149864193,92,46,No Fruits (from harvest)
13,5.472396834460411,72,67,No Fruits (from harvest)
12,4.776903911173308,73,61,No Fruits (from harvest)
14,5.785726494214549,93,66,No Fruits (from harvest)
14,4.93114914065155,93,45,No Fruits (from harvest)
14,5.2434980830114775,65,67,No Fruits (from harvest)
14,5.465247896237101,91,65,No Fruits (from harvest)
5,5.82229016774172,75,67,No Fruits (from harvest)
15,5.332545805018235,100,64,No Fruits (from harvest)
5,6.0766913442276485,99,65,No Fruits (from harvest)
7,5.297711825618898,83,48,No Fruits (from harvest)
5,6.010734636334709,82,49,No Fruits (from harvest)
13,5.90893078576749,87,56,Fruits (from harvest)
5,4.936234241483121,67,60,No Fruits (from harvest)
5,5.5735112231997,84,60,Fruits (from harvest)
11,4.646272060645223,67,59,No Fruits (from harvest)
5,4.609275632439341,93,66,No Fruits (from harvest)
6,6.283798072887333,92,49,No Fruits (from harvest)
14,4.827089368163391,79,49,No Fruits (from harvest)
9,6.005195377694408,62,67,No Fruits (from harvest)
10,4.6638293207087935,58,56,No Fruits (from harvest)
15,5.900703105622052,61,47,No Fruits (from harvest)
13,6.066808684683533,69,53,No Fruits (from harvest)
6,5.896962458248907,59,64,No Fruits (from harvest)
15,5.223049930779862,72,57,No Fruits (from harvest)
9,5.751345093202173,87,46,No Fruits (from harvest)
8,6.413622818078194,96,46,No Fruits (from harvest)
12,6.153632115215078,81,53,No Fruits (from harvest)
6,6.428086409864887,80,70,No Fruits (from harvest)
6,5.17305734851001,76,50,No Fruits (from harvest)
5,4.524183392546094,83,67,No Fruits (from harvest)
5,4.8844533957499605,91,62,No Fruits (from harvest)
9,5.588702230424895,68,49,No Fruits (from harvest)
5,5.20434801470826,72,56,No Fruits (from harvest)
15,4.568167401741498,96,65,No Fruits (from harvest)
6,5.456893141559155,55,69,No Fruits (from harvest)
8,5.0735820723418605,58,53,No Fruits (from harvest)
13,4.793439343506024,95,63,No Fruits (from harvest)
13,5.601168065921414,70,57,Fruits (from harvest)
13,5.994037732157526,64,55,No Fruits (from harvest)
13,4.966849214669745,91,58,No Fruits (from harvest)
11,6.361004316168918,92,64,No Fruits (from harvest)
7,6.155845920016229,77,46,No Fruits (from harvest)
10,5.971029560681293,73,70,No Fruits (from harvest)
6,4.814312701365017,57,57,No Fruits (from harvest)
15,5.379007579638866,84,48,No Fruits (from harvest)
6,4.72994652905631,68,49,No Fruits (from harvest)
7,6.367867027608998,99,48,No Fruits (from harvest)
11,6.209866745315177,82,50,No Fruits (from harvest)
12,5.059359214856732,62,67,No Fruits (from harvest)
5,5.960854815737188,67,61,Fruits (from harvest)
9,5.943271279416209,61,49,No Fruits (from harvest)
7,5.6519535358803425,93,49,No Fruits (from harvest)
7,5.071957878566464,75,52,No Fruits (from harvest)
6,5.13477889166667,94,70,No Fruits (from harvest)
10,5.2849672576799565,57,59,No Fruits (from harvest)
10,5.2536713212218,72,51,No Fruits (from harvest)
15,5.042909130018348,96,48,No Fruits (from harvest)
7,5.862205419159552,99,67,No Fruits (from harvest)
8,5.2180051375344965,72,68,No Fruits (from harvest)
13,5.594476367374482,63,53,No Fruits (from harvest)
11,5.788083088404777,92,63,Fruits (from harvest)
13,5.117473917947805,74,59,No Fruits (from harvest)
7,5.566407994808426,82,45,No Fruits (from harvest)
15,5.05990713090806,93,64,No Fruits (from harvest)
9,5.747669003973491,71,53,Fruits (from harvest)
15,5.226064764109372,71,56,No Fruits (from harvest)
6,4.845826993646309,83,62,No Fruits (from harvest)
12,6.3880887453474084,66,49,No Fruits (from harvest)
7,4.668670722605327,75,69,No Fruits (from harvest)
15,6.382126749782602,89,65,No Fruits (from harvest)
7,4.958940338332291,62,70,No Fruits (from harvest)
12,4.851742400548806,63,63,No Fruits (from harvest)
10,5.080415867082718,85,53,No Fruits (from harvest)
14,6.136732155049236,93,66,No Fruits (from harvest)
12,5.12759721250358,78,50,No Fruits (from harvest)
15,5.369304436052294,86,59,No Fruits (from harvest)
9,5.922283822246005,55,69,No Fruits (from harvest)
13,5.230997678119928,91,59,No Fruits (from harvest)
9,5.1870914190720345,66,58,No Fruits (from harvest)
13,6.068959416021325,57,67,No Fruits (from harvest)
13,5.40880107396899,74,47,No Fruits (from harvest)
12,4.93142896092575,84,53,No Fruits (from harvest)
7,5.6014602466309595,55,49,No Fruits (from harvest)
12,6.256561538245098,81,63,No Fruits (from harvest)
14,5.595014307588565,62,64,No Fruits (from harvest)
9,6.3136400252955545,75,60,No Fruits (from harvest)
7,5.008545481759824,96,48,No Fruits (from harvest)
8,5.943848902684577,98,46,No Fruits (from harvest)
12,5.425837411486411,72,68,No Fruits (from harvest)
6,5.714989674254989,63,61,No Fruits (from harvest)
13,6.059977969545094,66,48,No Fruits (from harvest)
11,5.914238810667607,86,52,Fruits (from harvest)
15,5.331350494063295,65,66,No Fruits (from harvest)
8,6.492375570055153,77,51,No Fruits (from harvest)
10,4.646828520605564,95,69,No Fruits (from harvest)
15,5.489720722332073,94,52,No Fruits (from harvest)
10,5.632772002416113,79,48,No Fruits (from harvest)
13,4.572382980892456,91,59,No Fruits (from harvest)
9,6.05290125479294,87,66,No Fruits (from harvest)
10,5.680143033009115,97,45,No Fruits (from harvest)
6,5.9861877574213604,100,56,No Fruits (from harvest)
15,4.649879669280566,82,64,No Fruits (from harvest)
6,5.6913046481815766,62,69,No Fruits (from harvest)
7,5.350893924075983,58,51,No Fruits (from harvest)
11,4.501716557346219,77,61,No Fruits (from harvest)
13,5.15676214683136,78,47,No Fruits (from harvest)
9,5.597721252502589,82,47,No Fruits (from harvest)
8,5.969616086465752,98,54,No Fruits (from harvest)
12,5.452511943733353,65,62,No Fruits (from harvest)
9,5.427423830728031,93,48,No Fruits (from harvest)
10,6.2125148884683945,96,50,No Fruits (from harvest)
6,5.933907714220349,69,61,Fruits (from harvest)
8,5.042147635995503,69,68,No Fruits (from harvest)
5,6.309215116285777,93,64,No Fruits (from harvest)
8,5.82720666884949,97,56,No Fruits (from harvest)
9,4.595122012799932,60,68,No Fruits (from harvest)
13,5.398488214660264,63,59,No Fruits (from harvest)
14,4.727068978414852,76,67,No Fruits (from harvest)
15,4.9391366788512885,100,56,No Fruits (from harvest)
5,6.056242269362151,58,49,No Fruits (from harvest)
14,6.153065462982003,59,59,No Fruits (from harvest)
9,6.484872665572821,98,64,No Fruits (from harvest)
11,6.431185116701933,88,50,No Fruits (from harvest)
7,5.944269668207218,76,58,Fruits (from harvest)
14,4.590553099376855,70,46,No Fruits (from harvest)
13,4.877976116934608,68,61,No Fruits (from harvest)
8,5.440108083574287,61,47,No Fruits (from harvest)
12,5.880814790406306,58,51,No Fruits (from harvest)
5,4.566185847835914,59,48,No Fruits (from harvest)
11,5.833036561503271,60,62,No Fruits (from harvest)
7,4.589773588483556,64,49,No Fruits (from harvest)
14,4.545046667435795,67,56,No Fruits (from harvest)
8,6.283126790195398,73,50,No Fruits (from harvest)
8,5.476682501070454,95,66,No Fruits (from harvest)
11,5.53846778180581,55,48,No Fruits (from harvest)
15,5.992479883622099,86,69,No Fruits (from harvest)
12,5.524446687633195,64,68,No Fruits (from harvest)
11,6.298830682115321,74,66,No Fruits (from harvest)
7,5.253469279701637,77,57,No Fruits (from harvest)
15,4.83291540226323,70,70,No Fruits (from harvest)
8,4.609489834910299,78,46,No Fruits (from harvest)
12,6.36951903094284,92,61,No Fruits (from harvest)
9,5.782441900751822,89,68,No Fruits (from harvest)
9,4.744263706832084,80,49,No Fruits (from harvest)
8,5.114489136661789,87,49,No Fruits (from harvest)
8,5.132391225082629,73,53,No Fruits (from harvest)
9,6.255907119004047,96,65,No Fruits (from harvest)
15,5.463768045972287,84,65,No Fruits (from harvest)
13,5.839331837783719,97,47,No Fruits (from harvest)
8,5.889816866017325,65,45,No Fruits (from harvest)
13,5.709848099205478,62,50,No Fruits (from harvest)
15,4.671255411121611,56,47,No Fruits (from harvest)
13,5.834401394725389,87,62,Fruits (from harvest)
11,5.439347695484644,75,50,No Fruits (from harvest)
14,5.579978328927898,70,55,Fruits (from harvest)
15,4.797685387974356,82,51,No Fruits (from harvest)
15,4.806295779793926,83,70,No Fruits (from harvest)
5,6.345755698902197,58,49,No Fruits (from harvest)
12,4.963090316227364,96,63,No Fruits (from harvest)
12,5.9177612176214085,79,46,No Fruits (from harvest)
7,6.193092978988066,81,59,No Fruits (from harvest)
5,6.106074774798989,79,64,No Fruits (from harvest)
5,5.921066241507738,65,70,No Fruits (from harvest)
7,6.318952298543086,93,54,No Fruits (from harvest)
13,4.5651592730683825,82,59,No Fruits (from harvest)
6,4.734668955315236,97,47,No Fruits (from harvest)
6,4.653540631396466,93,54,No Fruits (from harvest)
10,6.191115406579462,81,56,No Fruits (from harvest)
9,4.68841853818782,73,48,No Fruits (from harvest)
5,4.923846515293998,89,54,No Fruits (from harvest)
13,4.52409463318457,60,53,No Fruits (from harvest)
12,4.805844164206821,93,47,No Fruits (from harvest)
9,4.926922085333173,57,55,No Fruits (from harvest)
13,6.116119588278852,98,64,No Fruits (from harvest)
6,4.786087351525774,98,57,No Fruits (from harvest)
10,5.807754282997143,88,58,Fruits (from harvest)
5,5.249472749051749,56,52,No Fruits (from harvest)
11,6.360614802746833,60,47,No Fruits (from harvest)
15,5.827073682822718,92,67,No Fruits (from harvest)
11,6.2718789283475065,66,53,No Fruits (from harvest)
9,4.58090196723469,71,60,No Fruits (from harvest)
8,4.717430824279943,64,61,No Fruits (from harvest)
9,4.848996524042176,100,50,No Fruits (from harvest)
11,6.074085221690314,80,50,No Fruits (from harvest)
12,6.061180923831601,83,45,No Fruits (from harvest)
8,6.350830320624904,59,51,No Fruits (from harvest)
9,6.152912520616459,98,53,No Fruits (from harvest)
11,6.178253240248174,66,61,No Fruits (from harvest)
6,4.843097291024527,61,54,No Fruits (from harvest)
14,5.472394644215621,70,66,No Fruits (from harvest)
12,6.431504671308678,58,64,No Fruits (from harvest)
14,6.48684026877782,56,57,No Fruits (from harvest)
15,6.437270879992629,74,49,No Fruits (from harvest)
8,4.850872857504061,60,54,No Fruits (from harvest)
12,5.583307854198021,69,65,Fruits (from harvest)
8,6.24384163072438,86,67,No Fruits (from harvest)
8,5.530690941953035,71,66,No Fruits (from harvest)
13,6.227352871625641,65,59,No Fruits (from harvest)
13,4.821604626264687,67,46,No Fruits (from harvest)
9,5.455142307657558,77,55,No Fruits (from harvest)
14,6.248915003058548,87,47,No Fruits (from harvest)
11,5.162514298936499,82,52,No Fruits (from harvest)
10,6.440961204192226,96,60,No Fruits (from harvest)
11,4.994065726115403,71,63,No Fruits (from harvest)
13,4.936367666367281,89,54,No Fruits (from harvest)
11,4.896097494079507,99,69,No Fruits (from harvest)
6,5.006839193852739,83,68,No Fruits (from harvest)
8,4.57087342794112,82,70,No Fruits (from harvest)
10,4.725472567724649,88,56,No Fruits (from harvest)
7,5.310920658507868,87,62,No Fruits (from harvest)
8,4.5474679357488075,100,70,No Fruits (from harvest)
10,5.386918376756647,63,62,No Fruits (from harvest)
13,5.085395738245876,73,50,No Fruits (from harvest)
9,4.6541301181708725,93,63,No Fruits (from harvest)
7,6.122293655553106,89,60,No Fruits (from harvest)
5,6.22507196012453,96,68,No Fruits (from harvest)
12,4.830019858143495,98,66,No Fruits (from harvest)
11,5.632794098788337,87,52,Fruits (from harvest)
12,4.968524634798046,67,51,No Fruits (from harvest)
6,6.241313572396675,66,62,No Fruits (from harvest)
6,4.882262057584935,65,66,No Fruits (from harvest)
13,5.113755417265833,88,60,No Fruits (from harvest)
15,4.985932610928089,71,57,No Fruits (from harvest)
8,5.113324317168557,90,66,No Fruits (from harvest)
11,5.858092982308036,70,57,Fruits (from harvest)
11,4.952006795292137,77,60,No Fruits (from harvest)
15,4.79218498873713,82,54,No Fruits (from harvest)
8,4.692618464886715,73,63,No Fruits (from harvest)
5,4.7672893345363105,65,62,No Fruits (from harvest)
11,5.64893793895996,90,54,Fruits (from harvest)
5,5.100405877593167,81,53,No Fruits (from harvest)
13,6.283893464685675,93,64,No Fruits (from harvest)
13,5.5087698086197925,88,62,Fruits (from harvest)
13,4.56421928394862,76,61,No Fruits (from harvest)
12,6.18726189988306,63,45,No Fruits (from harvest)
11,6.2069826877895835,95,69,No Fruits (from harvest)
8,6.1706808521826035,79,48,No Fruits (from harvest)
13,4.998284909087996,77,47,No Fruits (from harvest)
10,6.044290092989395,57,45,No Fruits (from harvest)
14,6.478357957804418,87,59,No Fruits (from harvest)
9,5.216080614645527,63,58,No Fruits (from harvest)
10,4.817438362179715,75,53,No Fruits (from harvest)
6,6.446534873642425,88,67,No Fruits (from harvest)
13,4.9149948353384945,84,48,No Fruits (from harvest)
12,6.427689250936994,86,46,No Fruits (from harvest)
10,4.974445137081419,94,45,No Fruits (from harvest)
13,4.9650157050799155,61,59,No Fruits (from harvest)
13,4.6200910537315165,89,45,No Fruits (from harvest)
8,6.2289301538589825,67,47,No Fruits (from harvest)
12,5.337404470540112,88,46,No Fruits (from harvest)
13,5.070830768200217,68,56,No Fruits (from harvest)
14,5.378802537059642,78,68,No Fruits (from harvest)
15,5.712321574496462,78,63,Fruits (from harvest)
7,4.651933482569355,64,70,No Fruits (from harvest)
7,4.928191389957315,90,66,No Fruits (from harvest)
13,4.796828994346221,59,46,No Fruits (from harvest)
7,5.9534870288864665,64,60,No Fruits (from harvest)
15,5.224635116750759,99,61,No Fruits (from harvest)
8,5.188244560415532,57,55,No Fruits (from harvest)
13,5.927234555073202,94,70,No Fruits (from harvest)
14,6.070426477126779,66,51,No Fruits (from harvest)
6,6.442858559847437,73,65,No Fruits (from harvest)
6,6.365752738128091,98,56,No Fruits (from harvest)
7,6.227721221013274,78,57,No Fruits (from harvest)
9,6.46383760709309,94,54,No Fruits (from harvest)
10,4.925347997172562,100,53,No Fruits (from harvest)
5,6.319122544028127,62,52,No Fruits (from harvest)
6,4.544391276233634,82,55,No Fruits (from harvest)
5,5.059726593203149,68,66,No Fruits (from harvest)
15,6.125312455688275,58,53,No Fruits (from harvest)
10,6.160631865489288,78,54,No Fruits (from harvest)
5,6.361891252687051,95,68,No Fruits (from harvest)
15,5.067368505118497,92,46,No Fruits (from harvest)
7,5.52411717088027,93,66,No Fruits (from harvest)
12,5.882028905822892,96,56,No Fruits (from harvest)
6,5.706645563330592,65,54,Fruits (from harvest)
9,5.2969958073738175,70,65,No Fruits (from harvest)
12,6.2709212779058205,65,47,No Fruits (from harvest)
5,4.7802800486962616,61,62,No Fruits (from harvest)
14,4.917542621952564,87,70,No Fruits (from harvest)
5,5.88845416825534,100,52,No Fruits (from harvest)
6,5.91321768108275,59,53,No Fruits (from harvest)
13,5.544466192029896,59,59,No Fruits (from harvest)
8,6.468578371297245,63,47,No Fruits (from harvest)
15,5.773459660933531,74,66,No Fruits (from harvest)
10,6.007761479852807,82,55,No Fruits (from harvest)
15,6.031490026768879,81,61,No Fruits (from harvest)
8,5.271970167414561,81,69,No Fruits (from harvest)
14,5.982529448144922,86,69,No Fruits (from harvest)
10,4.689516367917092,62,64,No Fruits (from harvest)
10,4.7043428970712045,79,50,No Fruits (from harvest)
14,4.867217345702848,65,55,No Fruits (from harvest)
7,6.1225516682509955,62,48,No Fruits (from harvest)
14,5.71166547449482,65,59,Fruits (from harvest)
6,4.9410050941486725,59,68,No Fruits (from harvest)
10,5.4048751023657235,94,67,No Fruits (from harvest)
8,5.577664842026211,72,67,No Fruits (from harvest)
5,4.867365368981245,64,54,No Fruits (from harvest)
12,6.316021618078424,93,59,No Fruits (from harvest)
9,4.6793810910943625,88,65,No Fruits (from harvest)
6,5.714507650910147,84,65,Fruits (from harvest)
10,5.970384947019269,99,53,No Fruits (from harvest)
14,6.243513426715791,71,64,No Fruits (from harvest)
9,5.132080211339551,58,67,No Fruits (from harvest)
8,5.169761759311043,92,47,No Fruits (from harvest)
9,5.546112048760749,97,60,No Fruits (from harvest)
5,6.188644845454603,78,58,No Fruits (from harvest)
10,5.456889479368069,68,62,No Fruits (from harvest)
8,5.540212071913123,81,68,No Fruits (from harvest)
14,4.872269530691324,73,56,No Fruits (from harvest)
14,5.981667868384789,76,58,Fruits (from harvest)
10,5.845595910302696,100,65,No Fruits (from harvest)
6,6.388518090140495,81,52,No Fruits (from harvest)
6,4.7570612165200625,68,70,No Fruits (from harvest)
12,6.413572638959591,60,48,No Fruits (from harvest)
9,5.511249639713899,69,59,Fruits (from harvest)
13,4.6732631485254545,91,57,No Fruits (from harvest)
9,6.063262052862804,77,56,No Fruits (from harvest)
10,5.253395787547269,63,52,No Fruits (from harvest)
11,6.248153528466161,65,49,No Fruits (from harvest)
12,6.067345513649923,70,57,No Fruits (from harvest)
14,6.121843293203678,89,58,No Fruits (from harvest)
11,5.403160181642635,72,48,No Fruits (from harvest)
11,5.687932182275967,84,61,Fruits (from harvest)
7,5.787245899637816,62,58,No Fruits (from harvest)
8,5.85580625530268,94,57,Fruits (from harvest)
7,5.784853584958045,81,60,Fruits (from harvest)
8,5.120396338501494,64,55,No Fruits (from harvest)
5,5.846922235963835,74,70,No Fruits (from harvest)
9,5.376620322351563,55,51,No Fruits (from harvest)
10,5.5573586706053515,88,69,No Fruits (from harvest)
9,5.479882198977504,94,59,No Fruits (from harvest)
14,4.5752982116119,83,48,No Fruits (from harvest)
10,5.904007953805678,67,52,Fruits (from harvest)
13,5.496795306339364,62,66,No Fruits (from harvest)
9,4.832008509485286,62,64,No Fruits (from harvest)
15,5.923837178820629,80,56,Fruits (from harvest)
5,5.552193789751367,98,63,No Fruits (from harvest)
11,6.38311439835509,77,54,No Fruits (from harvest)
8,4.726223997181097,91,57,No Fruits (from harvest)
9,6.289149435855249,95,63,No Fruits (from harvest)
14,5.5199972597691875,57,58,No Fruits (from harvest)
5,4.705296121344835,59,50,No Fruits (from harvest)
6,6.401458125107393,79,56,No Fruits (from harvest)
14,6.372713061461228,71,61,No Fruits (from harvest)
10,5.250921732462217,58,45,No Fruits (from harvest)
8,5.9953691214829155,55,54,No Fruits (from harvest)
13,5.127754007828462,91,49,No Fruits (from harvest)
6,5.367025992310542,96,47,No Fruits (from harvest)
5,4.750664517666948,79,53,No Fruits (from harvest)
13,4.980799602269464,90,57,No Fruits (from harvest)
5,5.996257105772613,72,60,Fruits (from harvest)
9,6.002195001313234,55,45,No Fruits (from harvest)
11,4.894827868500461,80,49,No Fruits (from harvest)
5,6.433824102388443,84,61,No Fruits (from harvest)
13,5.1356235042311935,96,58,No Fruits (from harvest)
7,5.188951668915875,67,68,No Fruits (from harvest)
15,5.820524783668997,73,53,Fruits (from harvest)
9,6.2908079956253244,80,56,No Fruits (from harvest)
8,5.960966360729099,66,50,Fruits (from harvest)
13,5.952269058004694,56,55,No Fruits (from harvest)
7,5.253130166998394,58,63,No Fruits (from harvest)
5,5.283545983097479,63,45,No Fruits (from harvest)
13,6.196181416701384,93,52,No Fruits (from harvest)
10,5.361358154285848,77,67,No Fruits (from harvest)
6,4.699451470907768,66,63,No Fruits (from harvest)
5,4.850607141403252,83,57,No Fruits (from harvest)
7,6.001188143664617,79,70,No Fruits (from harvest)
13,5.046321884740392,72,53,No Fruits (from harvest)
5,5.534777060603604,90,45,No Fruits (from harvest)
7,5.047892328763503,74,61,No Fruits (from harvest)
14,5.586563222860644,89,48,No Fruits (from harvest)
8,5.801953001343518,96,60,No Fruits (from harvest)
8,4.798937644926245,97,60,No Fruits (from harvest)
11,5.823180403466376,90,51,Fruits (from harvest)
5,5.288542955239862,56,64,No Fruits (from harvest)
10,6.088579131077733,57,52,No Fruits (from harvest)
12,5.306915381060193,68,50,No Fruits (from harvest)
8,4.51993152389616,72,45,No Fruits (from harvest)
7,6.262377176897358,74,57,No Fruits (from harvest)
6,5.148521636101015,91,54,No Fruits (from harvest)
10,6.352182640713143,98,57,No Fruits (from harvest)
10,4.806624332324789,78,66,No Fruits (from harvest)
14,6.199978996090672,74,60,No Fruits (from harvest)
11,5.748221806843764,72,64,Fruits (from harvest)
10,5.430591397202423,56,63,No Fruits (from harvest)
6,6.400951039436726,76,56,No Fruits (from harvest)
10,5.402915339852161,90,64,No Fruits (from harvest)
14,5.405825029335118,76,46,No Fruits (from harvest)
6,5.860780416294699,90,51,Fruits (from harvest)
13,6.07211225585698,71,56,No Fruits (from harvest)
9,5.25220384613303,68,52,No Fruits (from harvest)
6,4.51383159795718,56,60,No Fruits (from harvest)
10,6.20136753692498,68,52,No Fruits (from harvest)
6,6.009910674040303,86,56,No Fruits (from harvest)
9,5.812115470388574,81,45,No Fruits (from harvest)
7,6.106945573265715,93,64,No Fruits (from harvest)
11,5.05038507934758,57,51,No Fruits (from harvest)
13,4.713834900309236,81,53,No Fruits (from harvest)
14,5.685006207718795,78,70,No Fruits (from harvest)
10,4.549604748635238,75,56,No Fruits (from harvest)
13,5.677212701451292,84,47,No Fruits (from harvest)
13,5.860547290222328,75,59,Fruits (from harvest)
14,5.944008484001965,88,57,Fruits (from harvest)
5,5.150540742429276,81,60,No Fruits (from harvest)
8,5.2516220443693955,57,54,No Fruits (from harvest)
11,5.263411497161049,97,55,No Fruits (from harvest)
12,4.705253303597087,99,67,No Fruits (from harvest)
10,4.93546713244172,86,62,No Fruits (from harvest)
15,5.341384551450486,94,46,No Fruits (from harvest)
10,5.180055242505341,66,49,No Fruits (from harvest)
15,4.562486782361428,100,48,No Fruits (from harvest)
8,6.181928595231898,96,59,No Fruits (from harvest)
10,5.382519343837728,68,66,No Fruits (from harvest)
10,5.33745803707067,59,56,No Fruits (from harvest)
8,5.20311544916034,79,55,No Fruits (from harvest)
5,4.94090392482476,97,70,No Fruits (from harvest)
12,5.950335218278195,86,45,No Fruits (from harvest)
5,4.687559721788345,81,69,No Fruits (from harvest)
15,5.61659376822759,69,52,Fruits (from harvest)
9,4.7804382269261385,83,58,No Fruits (from harvest)
6,4.633360221182903,87,60,No Fruits (from harvest)
15,4.750867462359374,68,67,No Fruits (from harvest)
13,5.3063852786363555,92,66,No Fruits (from harvest)
6,4.940734096604075,58,69,No Fruits (from harvest)
13,6.302359596871752,62,64,No Fruits (from harvest)
13,5.907383407205653,87,48,No Fruits (from harvest)
6,6.134817768029127,81,55,No Fruits (from harvest)
14,4.888119299842662,64,69,No Fruits (from harvest)
14,6.06505188978577,92,57,No Fruits (from harvest)
15,5.36786099880827,81,66,No Fruits (from harvest)
13,6.376212427957581,85,67,No Fruits (from harvest)
10,4.680262913882694,69,62,No Fruits (from harvest)
11,6.275125451699561,97,62,No Fruits (from harvest)
9,6.1055314958980516,61,52,No Fruits (from harvest)
7,6.002775617854912,77,54,No Fruits (from harvest)
9,5.284250286229621,91,67,No Fruits (from harvest)
7,5.5649635076359925,87,58,Fruits (from harvest)
10,5.088862324057477,81,58,No Fruits (from harvest)
15,5.121564070917321,80,66,No Fruits (from harvest)
6,5.974692608963766,96,46,No Fruits (from harvest)
10,5.7319652182974234,72,54,Fruits (from harvest)
14,5.062110593168967,78,69,No Fruits (from harvest)
9,6.276117022486925,64,62,No Fruits (from harvest)
9,6.1952361337524735,61,66,No Fruits (from harvest)
9,6.3265522603771664,100,63,No Fruits (from harvest)
11,4.519168629633503,55,70,No Fruits (from harvest)
11,5.33452874370389,60,58,No Fruits (from harvest)
8,5.58486312042907,73,52,Fruits (from harvest)
15,4.575027329298546,56,62,No Fruits (from harvest)
5,6.178079194353746,83,49,No Fruits (from harvest)
13,5.512572916194311,64,46,No Fruits (from harvest)
5,5.360037978229803,55,61,No Fruits (from harvest)
11,5.943762636471576,74,55,Fruits (from harvest)
11,5.138384805209461,63,55,No Fruits (from harvest)
10,5.666346182009818,56,55,No Fruits (from harvest)
10,5.939028757952839,67,57,Fruits (from harvest)
11,5.158850884463179,63,69,No Fruits (from harvest)
6,4.613515866569372,70,60,No Fruits (from harvest)
11,4.610988414918047,88,50,No Fruits (from harvest)
9,4.738604065130785,87,59,No Fruits (from harvest)
14,4.698262109621197,82,64,No Fruits (from harvest)
11,6.29823213555048,62,68,No Fruits (from harvest)
8,5.425179910438606,100,68,No Fruits (from harvest)
10,6.4106143449622195,89,62,No Fruits (from harvest)
11,5.683879267387368,91,66,No Fruits (from harvest)
15,5.341497520942379,86,56,No Fruits (from harvest)
7,6.398502259907838,71,63,No Fruits (from harvest)
10,5.998662453025339,68,52,Fruits (from harvest)
9,6.196497398312113,92,54,No Fruits (from harvest)
6,5.353543772485153,71,59,No Fruits (from harvest)
8,6.091075940360767,92,65,No Fruits (from harvest)
15,4.851276821581304,97,53,No Fruits (from harvest)
13,5.170294530023283,81,70,No Fruits (from harvest)
10,5.906336408984932,75,57,Fruits (from harvest)
8,6.296496044442867,73,69,No Fruits (from harvest)
8,5.470297358716001,74,62,No Fruits (from harvest)
7,5.2173251891049315,62,68,No Fruits (from harvest)
11,4.962479413563241,69,56,No Fruits (from harvest)
12,5.725880815920678,87,61,Fruits (from harvest)
6,5.013708541748869,56,46,No Fruits (from harvest)
8,5.396872706158847,82,56,No Fruits (from harvest)
12,4.675860798820945,79,64,No Fruits (from harvest)
10,5.923234386270086,79,69,No Fruits (from harvest)
7,5.859228193262794,94,56,Fruits (from harvest)
7,6.49450568742952,69,55,No Fruits (from harvest)
9,5.319100368649554,61,45,No Fruits (from harvest)
6,6.208026459996753,55,68,No Fruits (from harvest)
7,4.625066275576749,65,60,No Fruits (from harvest)
7,5.2975741968911425,87,49,No Fruits (from harvest)
6,4.644528856047584,99,56,No Fruits (from harvest)
15,5.973229186065451,80,50,Fruits (from harvest)
13,5.395078622153718,71,47,No Fruits (from harvest)
6,5.28642597963299,59,49,No Fruits (from harvest)
11,5.927657121131124,91,51,Fruits (from harvest)
5,6.496315157960483,57,54,No Fruits (from harvest)
10,4.552304131106467,76,55,No Fruits (from harvest)
8,4.852184451597152,71,66,No Fruits (from harvest)
11,4.557760507664173,70,67,No Fruits (from harvest)
9,5.019043298793642,94,68,No Fruits (from harvest)
12,5.290117482990316,96,51,No Fruits (from harvest)
15,5.492766786010533,55,52,No Fruits (from harvest)
9,6.037238238431031,67,51,No Fruits (from harvest)
12,5.5771346738083505,90,49,No Fruits (from harvest)
12,5.036657303685984,62,70,No Fruits (from harvest)
9,5.609481860845761,95,67,No Fruits (from harvest)
6,4.961903339128599,94,60,No Fruits (from harvest)
12,5.906470482650245,88,60,Fruits (from harvest)
11,5.212024638072492,68,65,No Fruits (from harvest)
5,5.965306899749112,69,54,Fruits (from harvest)
15,6.430545411054902,77,45,No Fruits (from harvest)
9,6.457171147146722,75,56,No Fruits (from harvest)
13,4.799592862752658,88,55,No Fruits (from harvest)
13,5.725986001071565,59,68,No Fruits (from harvest)
12,5.024939016121848,55,48,No Fruits (from harvest)
12,6.14531523342146,88,50,No Fruits (from harvest)
14,4.950356475584136,63,67,No Fruits (from harvest)
5,5.253504245427365,72,70,No Fruits (from harvest)
11,4.664133014484361,81,64,No Fruits (from harvest)
7,6.271374137813018,69,57,No Fruits (from harvest)
8,5.48823088794641,72,69,No Fruits (from harvest)
7,6.2037261737758325,55,64,No Fruits (from harvest)
10,4.6013334384725555,72,60,No Fruits (from harvest)
8,6.098817314526748,56,70,No Fruits (from harvest)
9,6.281538779789503,79,45,No Fruits (from harvest)
12,4.836564593893539,61,57,No Fruits (from harvest)
12,5.103928698020315,68,45,No Fruits (from harvest)
10,4.738710606095652,78,57,No Fruits (from harvest)
11,6.071464071861629,81,48,No Fruits (from harvest)
13,4.684983987777472,85,47,No Fruits (from harvest)
6,6.470852046813437,87,69,No Fruits (from harvest)
7,5.689932634595092,85,70,No Fruits (from harvest)
14,4.82551527449811,63,66,No Fruits (from harvest)
7,5.186454869716118,58,66,No Fruits (from harvest)
7,6.361663061450306,56,64,No Fruits (from harvest)
6,5.464408485934869,82,67,No Fruits (from harvest)
9,4.723956858159488,78,50,No Fruits (from harvest)
9,5.363254916578018,89,48,No Fruits (from harvest)
12,5.601437619944826,63,59,No Fruits (from harvest)
14,4.556168004217145,94,47,No Fruits (from harvest)
14,6.078317084574558,72,60,No Fruits (from harvest)
14,4.820091999929927,63,54,No Fruits (from harvest)
5,4.861695387001537,70,58,No Fruits (from harvest)
8,5.308443293060196,71,50,No Fruits (from harvest)
15,4.668073308986423,55,60,No Fruits (from harvest)
15,4.668468448410183,78,52,No Fruits (from harvest)
15,5.4621194168333815,82,46,No Fruits (from harvest)
6,6.1636488705477355,79,62,No Fruits (from harvest)
15,4.574428307796731,89,61,No Fruits (from harvest)
6,6.057144986448867,69,51,No Fruits (from harvest)
11,5.804365776520748,83,49,No Fruits (from harvest)
9,6.192054012618833,56,46,No Fruits (from harvest)
15,6.3387668562034705,99,57,No Fruits (from harvest)
15,6.0225082740953315,63,69,No Fruits (from harvest)
9,6.328963557869347,85,46,No Fruits (from harvest)
8,5.771586673107449,80,47,No Fruits (from harvest)
6,4.569587769536273,81,50,No Fruits (from harvest)
13,6.466540571521674,82,62,No Fruits (from harvest)
12,5.708093004258215,87,54,Fruits (from harvest)
14,4.5165764048726285,62,52,No Fruits (from harvest)
9,5.109419422090279,98,45,No Fruits (from harvest)
13,4.915441484124549,95,70,No Fruits (from harvest)
12,5.34219344431041,58,60,No Fruits (from harvest)
15,4.850285100056282,90,54,No Fruits (from harvest)
10,5.248967662659246,78,63,No Fruits (from harvest)
11,4.849333036460735,87,65,No Fruits (from harvest)
8,6.446090538881355,58,61,No Fruits (from harvest)
9,5.981766997546178,80,68,No Fruits (from harvest)
10,6.213239485248973,100,49,No Fruits (from harvest)
14,5.62376977774696,99,62,No Fruits (from harvest)
12,5.495630864617522,65,50,No Fruits (from harvest)
8,5.892045615572487,67,53,Fruits (from harvest)
14,5.437176269419796,74,45,No Fruits (from harvest)
9,5.8447689522054365,66,47,No Fruits (from harvest)
5,6.145972623544943,70,69,No Fruits (from harvest)
8,4.682255275751949,76,53,No Fruits (from harvest)
14,6.279511159173699,86,66,No Fruits (from harvest)
13,5.423548553104505,85,49,No Fruits (from harvest)
12,5.092554744933277,79,54,No Fruits (from harvest)
8,6.056407270351641,99,60,No Fruits (from harvest)
12,5.965911747092165,67,52,Fruits (from harvest)
14,5.480663331872378,96,63,No Fruits (from harvest)
7,6.3544493766796,94,69,No Fruits (from harvest)
12,5.802487512570483,100,54,No Fruits (from harvest)
6,6.276201512428161,73,55,No Fruits (from harvest)
7,6.34123465664438,99,64,No Fruits (from harvest)
14,6.484529141541263,88,46,No Fruits (from harvest)
14,4.736348403373814,88,46,No Fruits (from harvest)
12,4.916578268300129,99,69,No Fruits (from harvest)
9,5.290116195844692,80,52,No Fruits (from harvest)
13,4.694812332625984,100,49,No Fruits (from harvest)
8,6.096126656999257,68,65,No Fruits (from harvest)
8,5.664725220269148,84,56,Fruits (from harvest)
15,5.817143518444551,55,47,No Fruits (from harvest)
12,5.1562578210367125,93,59,No Fruits (from harvest)
6,6.048386178935976,100,64,No Fruits (from harvest)
14,6.4017897664764885,95,49,No Fruits (from harvest)
13,5.562616978211704,80,68,No Fruits (from harvest)
10,4.948477143995725,96,59,No Fruits (from harvest)
6,4.8675946933001,92,51,No Fruits (from harvest)
9,4.636508196533423,56,54,No Fruits (from harvest)
8,4.860377744653378,72,65,No Fruits (from harvest)
10,5.9448088050797505,84,53,Fruits (from harvest)
10,5.624041712427058,97,53,No Fruits (from harvest)
5,4.764247999603193,82,67,No Fruits (from harvest)
8,5.794754424210284,67,58,Fruits (from harvest)
12,5.097941729764554,85,59,No Fruits (from harvest)
7,5.649325326731686,74,69,No Fruits (from harvest)
10,5.537302229831287,87,48,No Fruits (from harvest)
6,5.584133429248057,95,48,No Fruits (from harvest)
11,5.574201244626031,95,60,Fruits (from harvest)
9,4.726247683975939,90,56,No Fruits (from harvest)
5,6.435116166106955,59,57,No Fruits (from harvest)
11,5.691017891980983,99,56,No Fruits (from harvest)
12,5.886635522779696,64,54,No Fruits (from harvest)
12,5.759474230292133,95,56,Fruits (from harvest)
12,5.021587643784899,95,54,No Fruits (from harvest)
13,5.317891373972283,82,70,No Fruits (from harvest)
8,6.479948815880864,91,51,No Fruits (from harvest)
12,5.486766437870622,82,63,No Fruits (from harvest)
10,4.666951562000259,90,57,No Fruits (from harvest)
11,4.701582850323779,79,46,No Fruits (from harvest)
5,5.112694778536947,90,59,No Fruits (from harvest)
5,6.455550943578526,61,61,No Fruits (from harvest)
8,6.013755653830431,67,56,No Fruits (from harvest)
6,5.0873606995696115,83,52,No Fruits (from harvest)
12,5.534600437287182,85,64,Fruits (from harvest)
11,5.4164990929178565,100,65,No Fruits (from harvest)
6,5.396413961756181,84,51,No Fruits (from harvest)
10,5.4702028510662535,99,68,No Fruits (from harvest)
11,5.830790254761219,93,69,No Fruits (from harvest)
12,5.163091245743189,94,66,No Fruits (from harvest)
8,5.145049204234535,56,48,No Fruits (from harvest)
5,5.909210796533192,63,68,No Fruits (from harvest)
5,4.607835875685797,56,64,No Fruits (from harvest)
8,5.167418080632128,60,48,No Fruits (from harvest)
10,4.966002730896704,87,67,No Fruits (from harvest)
11,5.03314400549438,97,47,No Fruits (from harvest)
15,4.558803193944135,60,51,No Fruits (from harvest)
10,5.467206875317046,79,61,No Fruits (from harvest)
12,5.158877061396366,71,70,No Fruits (from harvest)
8,5.889323999173267,80,70,No Fruits (from harvest)
11,5.795855731351857,100,69,No Fruits (from harvest)
15,4.975414610991732,65,62,No Fruits (from harvest)
14,6.362172455722335,87,52,No Fruits (from harvest)
11,5.919231806904957,88,47,No Fruits (from harvest)
5,5.652550003798419,98,45,No Fruits (from harvest)
10,6.0012710051078155,69,61,No Fruits (from harvest)
15,5.106320347272273,88,51,No Fruits (from harvest)
7,6.189057612556577,91,61,No Fruits (from harvest)
8,4.740934631466849,56,48,No Fruits (from harvest)
11,4.555844472608531,71,64,No Fruits (from harvest)
15,6.006416152122618,91,46,No Fruits (from harvest)
5,4.54428716711901,93,63,No Fruits (from harvest)
6,6.003552579308304,57,70,No Fruits (from harvest)
7,6.359213206079025,70,55,No Fruits (from harvest)
12,5.065165912847326,77,67,No Fruits (from harvest)
6,4.780886201359794,60,48,No Fruits (from harvest)
6,5.443700419040504,61,66,No Fruits (from harvest)
5,5.661072932199978,87,59,Fruits (from harvest)
10,6.211471143031105,74,58,No Fruits (from harvest)
6,4.843358068804978,65,55,No Fruits (from harvest)
11,5.859645370610319,55,53,No Fruits (from harvest)
10,5.89840311510336,72,56,Fruits (from harvest)
9,5.9407456519345985,84,67,No Fruits (from harvest)
6,6.150834972782556,70,66,No Fruits (from harvest)
13,5.35884340803317,81,46,No Fruits (from harvest)
14,5.651429177066857,91,66,No Fruits (from harvest)
13,5.151144223376219,82,53,No Fruits (from harvest)
10,5.051206854692648,79,61,No Fruits (from harvest)
10,6.357490077876407,76,53,No Fruits (from harvest)
11,5.40420958334448,69,57,No Fruits (from harvest)
7,6.342239694815352,76,62,No Fruits (from harvest)
11,5.9398887713025985,98,60,No Fruits (from harvest)
15,6.126770564350363,84,69,No Fruits (from harvest)
8,5.105264807864831,91,64,No Fruits (from harvest)
15,5.728141638366565,76,59,Fruits (from harvest)
15,5.2260735283082544,98,47,No Fruits (from harvest)
7,6.3550399943544615,80,70,No Fruits (from harvest)
7,5.0249935110572705,74,50,No Fruits (from harvest)
12,5.704438860375062,85,58,Fruits (from harvest)
13,5.991608976095037,61,50,No Fruits (from harvest)
8,5.706153561817931,90,58,Fruits (from harvest)
9,5.352673983858076,60,63,No Fruits (from harvest)
6,4.620280349924045,97,59,No Fruits (from harvest)
13,5.858908505369719,89,59,Fruits (from harvest)
11,5.141798437565229,62,59,No Fruits (from harvest)
9,5.099119596868089,63,54,No Fruits (from harvest)
14,4.585663223190269,62,70,No Fruits (from harvest)
14,4.558902450441916,81,56,No Fruits (from harvest)
14,5.777572415695413,67,56,Fruits (from harvest)
5,5.876858003725096,97,68,No Fruits (from harvest)
8,4.767245847544247,59,52,No Fruits (from harvest)
6,5.893486577306551,91,60,Fruits (from harvest)
10,6.490959116385605,91,54,No Fruits (from harvest)
13,5.109444061565511,91,52,No Fruits (from harvest)
10,5.667668332985943,81,66,No Fruits (from harvest)
12,6.195670038711506,59,49,No Fruits (from harvest)
14,5.82562193925268,88,62,Fruits (from harvest)
11,6.284795638310799,75,57,No Fruits (from harvest)
15,4.55443297485675,68,63,No Fruits (from harvest)
11,6.018927846115769,90,67,No Fruits (from harvest)
13,5.102372986546603,61,68,No Fruits (from harvest)
13,5.990552187390677,68,64,Fruits (from harvest)
10,5.064618699443423,76,46,No Fruits (from harvest)
6,5.1870662789716055,55,56,No Fruits (from harvest)
7,4.78252454537796,98,62,No Fruits (from harvest)
11,6.041412202630746,68,59,No Fruits (from harvest)
9,5.713683513732525,79,59,Fruits (from harvest)
5,6.459514445884865,57,45,No Fruits (from harvest)
12,5.789903345629341,61,58,No Fruits (from harvest)
12,5.324964045294731,100,53,No Fruits (from harvest)
13,4.510332583740242,92,56,No Fruits (from harvest)
9,6.126654020242267,84,63,No Fruits (from harvest)
7,6.424820128128838,81,57,No Fruits (from harvest)
14,4.5153311091576995,79,64,No Fruits (from harvest)
15,5.625036648043036,81,47,No Fruits (from harvest)
15,5.173158759034649,81,53,No Fruits (from harvest)
13,5.491032489610254,89,55,No Fruits (from harvest)
13,5.343367832156181,59,50,No Fruits (from harvest)
15,6.165923423762097,67,69,No Fruits (from harvest)
12,5.635392637217034,65,54,Fruits (from harvest)
9,5.453958996019646,100,69,No Fruits (from harvest)
8,6.35312033022251,68,68,No Fruits (from harvest)
12,5.287746834003785,91,50,No Fruits (from harvest)
10,5.126915518274756,92,50,No Fruits (from harvest)
6,5.818642928468582,60,65,No Fruits (from harvest)
15,5.045000132876526,95,50,No Fruits (from harvest)
11,5.638415322072081,100,55,No Fruits (from harvest)
13,6.059018594482444,95,51,No Fruits (from harvest)
11,5.2623953782633,72,48,No Fruits (from harvest)
11,4.925910751115335,83,59,No Fruits (from harvest)
11,6.383714198772904,82,66,No Fruits (from harvest)
9,4.989533654846987,97,58,No Fruits (from harvest)
5,4.785441976504201,79,63,No Fruits (from harvest)
12,4.833645573439907,93,65,No Fruits (from harvest)
13,4.827708417289857,73,52,No Fruits (from harvest)
13,5.166006806823114,75,56,No Fruits (from harvest)
12,5.890963902686686,70,47,No Fruits (from harvest)
11,4.978553226383478,87,68,No Fruits (from harvest)
7,5.741295310693596,78,60,Fruits (from harvest)
13,4.568752133596579,80,62,No Fruits (from harvest)
11,5.946058218072477,93,53,Fruits (from harvest)
7,4.937598130319114,83,64,No Fruits (from harvest)
6,6.279362531185061,89,57,No Fruits (from harvest)
10,5.2066096303032205,55,54,No Fruits (from harvest)
9,5.580063670633708,78,45,No Fruits (from harvest)
5,5.405702743074301,100,64,No Fruits (from harvest)
7,5.910909148605214,60,62,No Fruits (from harvest)
12,4.535923520861555,58,52,No Fruits (from harvest)
5,5.658521728737007,96,60,No Fruits (from harvest)
6,6.386481227123971,85,70,No Fruits (from harvest)
7,5.009261668187816,93,59,No Fruits (from harvest)
10,4.993277368415581,59,64,No Fruits (from harvest)
9,5.700249621999527,80,68,No Fruits (from harvest)
11,5.4029352953633705,73,67,No Fruits (from harvest)
14,4.775318026699113,83,45,No Fruits (from harvest)
8,4.770587949390237,88,52,No Fruits (from harvest)
9,6.184952777016669,75,64,No Fruits (from harvest)
5,5.989316058750575,81,55,Fruits (from harvest)
13,6.386855652837693,66,68,No Fruits (from harvest)
11,6.280827639094168,93,45,No Fruits (from harvest)
9,4.5871919334514475,59,57,No Fruits (from harvest)
14,4.935321867315541,76,45,No Fruits (from harvest)
8,5.921879184039356,56,60,No Fruits (from harvest)
5,4.5021236325425384,95,66,No Fruits (from harvest)
10,6.381537575335246,72,55,No Fruits (from harvest)
6,5.770143805343916,93,64,Fruits (from harvest)
6,6.418219371821246,76,52,No Fruits (from harvest)
10,5.3266783124206585,72,45,No Fruits (from harvest)
7,6.470857560295821,82,54,No Fruits (from harvest)
6,6.161719991071436,78,62,No Fruits (from harvest)
11,4.622106783540126,78,62,No Fruits (from harvest)
7,4.847282076770533,59,55,No Fruits (from harvest)
7,5.585220784217693,73,59,Fruits (from harvest)
7,5.463228660214058,83,62,No Fruits (from harvest)
6,5.564250174638273,75,54,Fruits (from harvest)
15,6.4001503567720865,93,69,No Fruits (from harvest)
6,6.357385358542622,85,45,No Fruits (from harvest)
12,5.41349282318199,76,69,No Fruits (from harvest)
14,5.885179409124229,82,69,No Fruits (from harvest)
14,6.335539809220187,61,64,No Fruits (from harvest)
10,4.535129927083593,79,70,No Fruits (from harvest)
9,5.97295505693234,78,64,Fruits (from harvest)
10,4.901671986220625,80,58,No Fruits (from harvest)
10,5.3338423073082195,98,57,No Fruits (from harvest)
6,5.942537387943903,88,68,No Fruits (from harvest)
12,6.072161870758613,80,64,No Fruits (from harvest)
13,4.740752429344451,62,54,No Fruits (from harvest)
11,4.982235970867629,85,69,No Fruits (from harvest)
11,5.169243702459423,55,65,No Fruits (from harvest)
7,5.389157837151269,69,45,No Fruits (from harvest)
15,5.073375183716608,88,49,No Fruits (from harvest)
13,5.647817432396811,67,45,No Fruits (from harvest)
11,5.351570458916883,80,66,No Fruits (from harvest)
12,5.190079213118048,81,58,No Fruits (from harvest)
6,4.577947190753954,55,58,No Fruits (from harvest)
13,5.298289240121302,76,63,No Fruits (from harvest)
15,6.240911604691614,80,63,No Fruits (from harvest)
6,5.52086440096574,86,51,Fruits (from harvest)
12,5.718354377775724,60,67,No Fruits (from harvest)
8,5.161074132221355,72,59,No Fruits (from harvest)
10,4.9621206114111205,60,58,No Fruits (from harvest)
13,5.6955681033583865,64,66,No Fruits (from harvest)
9,5.525184020074972,98,46,No Fruits (from harvest)
15,4.95811167654808,73,46,No Fruits (from harvest)
6,5.214288620954283,80,59,No Fruits (from harvest)
5,6.391822509692605,67,65,No Fruits (from harvest)
12,4.713148375905071,77,66,No Fruits (from harvest)
12,4.941081484478764,94,54,No Fruits (from harvest)
10,5.815588580419973,72,68,No Fruits (from harvest)
12,4.615784757237806,98,57,No Fruits (from harvest)
7,6.484535507331894,85,66,No Fruits (from harvest)
6,5.210153917741344,99,52,No Fruits (from harvest)
8,5.025770803256167,61,69,No Fruits (from harvest)
7,6.1275621231630675,97,66,No Fruits (from harvest)
8,4.943100963538316,81,61,No Fruits (from harvest)
5,4.937450577014791,75,49,No Fruits (from harvest)
10,5.571015197338009,89,49,No Fruits (from harvest)
10,6.214508400042947,60,62,No Fruits (from harvest)
6,5.2050555609699565,96,66,No Fruits (from harvest)
9,5.698135303914785,74,63,Fruits (from harvest)
11,5.315499658423779,98,46,No Fruits (from harvest)
12,5.620480860798005,66,56,Fruits (from harvest)
5,4.862370129146623,77,66,No Fruits (from harvest)
12,5.039017755716941,80,48,No Fruits (from harvest)
10,6.2108724847339785,58,57,No Fruits (from harvest)
7,5.971071382946043,84,47,No Fruits (from harvest)
7,5.698020289889085,95,55,Fruits (from harvest)
12,5.32339159872134,79,46,No Fruits (from harvest)
5,4.980234835234599,87,64,No Fruits (from harvest)
14,6.185869111713974,65,55,No Fruits (from harvest)
15,6.4460379030372215,72,70,No Fruits (from harvest)
8,5.4460025850171965,71,61,No Fruits (from harvest)
10,4.893311419365661,88,70,No Fruits (from harvest)
14,6.486197000518379,68,58,No Fruits (from harvest)
11,4.548701387945274,67,49,No Fruits (from harvest)
13,5.475439094970537,68,45,No Fruits (from harvest)
5,6.3799353169920305,96,57,No Fruits (from harvest)
6,4.804247360467949,58,51,No Fruits (from harvest)
7,5.010910924327886,72,46,No Fruits (from harvest)
9,5.531343214549471,99,47,No Fruits (from harvest)
12,5.757383959756149,89,55,Fruits (from harvest)
12,4.9764446731567915,69,52,No Fruits (from harvest)
15,5.405149438909797,97,56,No Fruits (from harvest)
14,4.7343358804302165,70,62,No Fruits (from harvest)
5,6.026312202421149,56,70,No Fruits (from harvest)
8,5.761558743287459,98,57,No Fruits (from harvest)
13,4.9331827845942415,92,52,No Fruits (from harvest)
6,5.793820860882581,86,65,Fruits (from harvest)
11,4.542647423199818,71,49,No Fruits (from harvest)
7,5.650897645608633,71,49,No Fruits (from harvest)
14,4.939710701923354,97,54,No Fruits (from harvest)
11,6.128516179822663,84,55,No Fruits (from harvest)
7,5.317921560805296,95,58,No Fruits (from harvest)
5,4.888668205847039,60,59,No Fruits (from harvest)
5,5.1746415610080305,64,50,No Fruits (from harvest)
7,5.937157426839397,77,67,No Fruits (from harvest)
12,5.299612396564833,72,56,No Fruits (from harvest)
5,4.654435120289911,99,46,No Fruits (from harvest)
9,5.759213426253165,60,55,No Fruits (from harvest)
6,6.141600065680361,100,69,No Fruits (from harvest)
7,5.600565887735282,99,53,No Fruits (from harvest)
13,5.857470783234398,57,49,No Fruits (from harvest)
7,6.492274843569978,55,65,No Fruits (from harvest)
7,6.134613493855153,60,66,No Fruits (from harvest)
13,5.255397753824067,71,51,No Fruits (from harvest)
11,5.66437884306518,98,56,No Fruits (from harvest)
10,6.443223126123913,71,55,No Fruits (from harvest)
13,6.383046117170155,87,65,No Fruits (from harvest)
12,4.539109852778159,82,55,No Fruits (from harvest)
12,5.69249936012735,88,46,No Fruits (from harvest)
14,6.011347695648027,77,60,No Fruits (from harvest)
5,5.629332418983108,58,69,No Fruits (from harvest)
5,6.147340315339675,99,46,No Fruits (from harvest)
11,4.529922030718258,67,68,No Fruits (from harvest)
15,4.579508576432059,95,61,No Fruits (from harvest)
11,6.088438205676965,76,60,No Fruits (from harvest)
10,5.814059420646601,71,53,Fruits (from harvest)
5,4.804618244409392,94,45,No Fruits (from harvest)
7,5.218327348347159,91,52,No Fruits (from harvest)
11,4.851712491255998,59,62,No Fruits (from harvest)
10,4.954213801581125,86,64,No Fruits (from harvest)
15,5.12099371668976,77,69,No Fruits (from harvest)
12,5.61541216176536,70,68,No Fruits (from harvest)
6,5.719438988973611,83,52,Fruits (from harvest)
13,4.8851609701964565,73,64,No Fruits (from harvest)
13,5.757257531155901,96,61,No Fruits (from harvest)
13,4.510516248946805,74,59,No Fruits (from harvest)
9,5.0653722901688685,77,48,No Fruits (from harvest)
11,5.409972656517384,95,47,No Fruits (from harvest)
11,5.38346426974984,61,55,No Fruits (from harvest)
12,4.726702445160776,68,66,No Fruits (from harvest)
9,6.300173763811326,83,70,No Fruits (from harvest)
7,6.1358542287520175,56,60,No Fruits (from harvest)
15,5.14892590794936,81,66,No Fruits (from harvest)
15,5.140769409678631,78,51,No Fruits (from harvest)
14,5.949876842404532,58,45,No Fruits (from harvest)
15,5.396372146733993,90,52,No Fruits (from harvest)
14,5.584635661717403,77,64,Fruits (from harvest)
15,6.117804271335456,99,53,No Fruits (from harvest)
15,5.032761153886648,75,65,No Fruits (from harvest)
6,4.577400590270226,71,67,No Fruits (from harvest)
9,6.19919641407684,66,67,No Fruits (from harvest)
10,4.772087132094118,60,63,No Fruits (from harvest)
14,5.612195513472225,56,68,No Fruits (from harvest)
7,4.895178784434068,57,56,No Fruits (from harvest)
10,5.775655162434374,61,56,No Fruits (from harvest)
12,6.436767514818478,97,59,No Fruits (from harvest)
12,6.408359752894407,55,51,No Fruits (from harvest)
14,5.429601178612795,94,52,No Fruits (from harvest)
6,6.3876840154599375,99,64,No Fruits (from harvest)
15,5.303701916683629,63,60,No Fruits (from harvest)
6,5.723764546012829,68,66,No Fruits (from harvest)
12,6.470961674192733,74,47,No Fruits (from harvest)
9,5.091036358324392,72,49,No Fruits (from harvest)
11,4.7714722058730885,92,50,No Fruits (from harvest)
13,5.351168162387742,77,57,No Fruits (from harvest)
8,6.30608081430801,75,54,No Fruits (from harvest)
12,5.917558340205187,69,50,Fruits (from harvest)
9,5.538317624899317,84,65,Fruits (from harvest)
6,5.183467220721143,95,46,No Fruits (from harvest)
6,5.897439049841041,83,52,Fruits (from harvest)
14,4.510670484762107,65,68,No Fruits (from harvest)
13,6.032224301630182,79,69,No Fruits (from harvest)
14,5.300852836114215,81,59,No Fruits (from harvest)
5,5.701006614517681,75,61,Fruits (from harvest)
7,5.2510990943800495,91,46,No Fruits (from harvest)
5,6.3669894700643255,86,59,No Fruits (from harvest)
13,5.7434018723674995,91,52,Fruits (from harvest)
9,4.912564575214884,67,55,No Fruits (from harvest)
13,6.1370730595297225,61,56,No Fruits (from harvest)
10,5.753503021649433,97,47,No Fruits (from harvest)
10,5.52430704811364,66,55,Fruits (from harvest)
8,5.988166544220469,71,60,Fruits (from harvest)
6,6.200719524468255,82,47,No Fruits (from harvest)
10,6.199073102227885,76,65,No Fruits (from harvest)
12,6.344365794945698,60,62,No Fruits (from harvest)
7,5.830908907635468,99,65,No Fruits (from harvest)
5,5.4943749501177015,95,59,No Fruits (from harvest)
7,5.543894147878543,71,63,Fruits (from harvest)
12,6.124566640490514,95,46,No Fruits (from harvest)
8,5.271735529136502,63,49,No Fruits (from harvest)
13,6.383377310245428,55,67,No Fruits (from harvest)
5,6.139041228768555,80,47,No Fruits (from harvest)
10,5.915473965163345,99,52,No Fruits (from harvest)
14,5.196899796692968,65,60,No Fruits (from harvest)
14,6.188857293484518,63,63,No Fruits (from harvest)
11,6.034138193949498,61,56,No Fruits (from harvest)
9,4.787484209252306,80,60,No Fruits (from harvest)
10,5.546348202533909,96,45,No Fruits (from harvest)
8,4.917963861144911,65,48,No Fruits (from harvest)
10,5.714419895279139,86,70,No Fruits (from harvest)
10,5.9090632425181955,60,57,No Fruits (from harvest)
11,5.5653842129209625,67,67,No Fruits (from harvest)
13,6.487144705965573,64,56,No Fruits (from harvest)
13,4.687638007174472,72,63,No Fruits (from harvest)
6,5.299459461330308,98,47,No Fruits (from harvest)
12,5.354017995466621,88,61,No Fruits (from harvest)
14,6.03493004982135,59,53,No Fruits (from harvest)
11,6.049544158170986,61,66,No Fruits (from harvest)
10,5.23779739814689,72,61,No Fruits (from harvest)
14,5.547597227443889,65,47,No Fruits (from harvest)
12,5.004151064220774,70,68,No Fruits (from harvest)
7,4.554980710384911,65,60,No Fruits (from harvest)
6,6.056076895386308,71,56,No Fruits (from harvest)
15,5.605030751806245,79,68,No Fruits (from harvest)
13,4.7421814692104025,61,57,No Fruits (from harvest)
14,6.2813945679779195,98,63,No Fruits (from harvest)
7,4.624289773218965,67,61,No Fruits (from harvest)
12,4.747059874571658,66,68,No Fruits (from harvest)
10,4.702459340271607,92,60,No Fruits (from harvest)
8,6.237809576014289,99,66,No Fruits (from harvest)
11,5.460118418088428,85,54,No Fruits (from harvest)
5,4.862532481334024,69,45,No Fruits (from harvest)
12,5.575759129331564,58,62,No Fruits (from harvest)
9,5.58773126988247,89,60,Fruits (from harvest)
6,4.618334767549125,87,69,No Fruits (from harvest)
8,5.065965469580817,78,67,No Fruits (from harvest)
11,5.725994481038793,95,48,No Fruits (from harvest)
8,5.704909024092333,84,49,No Fruits (from harvest)
7,5.592308367543373,61,58,No Fruits (from harvest)
8,5.519945224940875,67,55,Fruits (from harvest)
13,5.9466931832802485,99,52,No Fruits (from harvest)
8,5.749367964939012,69,48,No Fruits (from harvest)
10,5.096245889475914,56,69,No Fruits (from harvest)
11,6.123173397125202,88,59,No Fruits (from harvest)
8,4.66743933185915,74,68,No Fruits (from harvest)
14,4.847076614837237,75,46,No Fruits (from harvest)
13,5.563539759448621,78,55,Fruits (from harvest)
8,6.049704274027766,77,69,No Fruits (from harvest)
7,4.898433144008803,57,50,No Fruits (from harvest)
15,4.853452454596388,67,69,No Fruits (from harvest)
5,5.19333452637267,69,62,No Fruits (from harvest)
9,6.145988277823924,88,66,No Fruits (from harvest)
5,5.149623356640037,59,54,No Fruits (from harvest)
10,5.069072971665889,87,60,No Fruits (from harvest)
5,4.801816719172485,66,53,No Fruits (from harvest)
7,4.792735896035471,67,60,No Fruits (from harvest)
6,5.6346857673725514,61,60,No Fruits (from harvest)
11,5.903849694322137,66,50,Fruits (from harvest)
12,6.10259201557022,65,58,No Fruits (from harvest)
13,6.164391375489169,57,62,No Fruits (from harvest)
15,5.330803316457475,91,60,No Fruits (from harvest)
14,5.318333456453059,100,60,No Fruits (from harvest)
14,5.017133305540224,60,52,No Fruits (from harvest)
14,6.365389839220246,87,68,No Fruits (from harvest)
10,6.373887931119905,64,61,No Fruits (from harvest)
13,4.948261307997058,87,67,No Fruits (from harvest)
6,5.843476177336115,76,70,No Fruits (from harvest)
15,5.291624822528515,69,48,No Fruits (from harvest)
15,6.068344878502265,89,49,No Fruits (from harvest)
13,5.618468874686199,58,51,No Fruits (from harvest)
12,4.910454959422983,75,66,No Fruits (from harvest)
13,6.462157362254878,83,48,No Fruits (from harvest)
8,5.0838639137006805,96,58,No Fruits (from harvest)
11,5.7957522190204775,75,64,Fruits (from harvest)
15,6.154500320470735,56,47,No Fruits (from harvest)
11,4.798340025712751,90,58,No Fruits (from harvest)
7,5.889021408743549,71,59,Fruits (from harvest)
12,5.702307168010563,69,63,Fruits (from harvest)
9,4.511055391527276,58,49,No Fruits (from harvest)
12,5.941685305651386,62,56,No Fruits (from harvest)
8,5.402372993590818,92,69,No Fruits (from harvest)
6,6.135043354474389,57,51,No Fruits (from harvest)
10,4.829391249355734,60,66,No Fruits (from harvest)
13,4.872131885022329,90,65,No Fruits (from harvest)
12,5.729817268887405,89,57,Fruits (from harvest)
12,5.79812780698402,97,58,No Fruits (from harvest)
13,4.568387155547951,77,46,No Fruits (from harvest)
7,5.224564311562074,66,56,No Fruits (from harvest)
5,5.847899146197893,84,62,Fruits (from harvest)
14,6.449511708663058,67,61,No Fruits (from harvest)
12,5.1101669507753105,93,65,No Fruits (from harvest)
6,6.366040006900757,77,51,No Fruits (from harvest)
8,4.728291284833027,67,61,No Fruits (from harvest)
9,5.7348242117557096,77,69,No Fruits (from harvest)
7,5.5662748267446585,72,58,Fruits (from harvest)
10,5.714850441342401,70,68,No Fruits (from harvest)
14,5.780609903029242,75,49,No Fruits (from harvest)
12,5.758817377672609,67,57,Fruits (from harvest)
6,5.785147226427038,72,47,No Fruits (from harvest)
8,5.538220144383327,85,55,Fruits (from harvest)
5,4.9308351618850725,91,54,No Fruits (from harvest)
5,4.54885575703438,72,54,No Fruits (from harvest)
10,4.777950338627311,88,52,No Fruits (from harvest)
7,5.559549757546273,99,61,No Fruits (from harvest)
9,5.1155438147467684,55,53,No Fruits (from harvest)
5,6.194519646992306,74,64,No Fruits (from harvest)
12,6.063383448931738,79,46,No Fruits (from harvest)
13,5.66083027899992,88,50,Fruits (from harvest)
7,4.767756033211072,85,53,No Fruits (from harvest)
10,6.041738981876483,89,66,No Fruits (from harvest)
12,5.470812356615292,65,61,No Fruits (from harvest)
11,5.5695454456020865,66,57,Fruits (from harvest)
10,6.256112655318935,68,52,No Fruits (from harvest)
13,5.928660537234082,57,58,No Fruits (from harvest)
14,4.685763367742401,61,50,No Fruits (from harvest)
11,4.65639601961857,72,60,No Fruits (from harvest)
11,6.106966713791025,87,59,No Fruits (from harvest)
7,6.409973745211869,96,48,No Fruits (from harvest)
6,6.292287661688213,72,68,No Fruits (from harvest)
15,5.198812775992861,87,46,No Fruits (from harvest)
11,6.499802616522743,66,51,No Fruits (from harvest)
9,6.22325623541728,89,68,No Fruits (from harvest)
6,5.795385920621313,57,50,No Fruits (from harvest)
14,5.8085553482826215,62,64,No Fruits (from harvest)
8,4.517546440770025,61,50,No Fruits (from harvest)
10,6.022588777831811,93,54,No Fruits (from harvest)
8,6.440597935504863,82,65,No Fruits (from harvest)
6,5.045371495226306,66,51,No Fruits (from harvest)
8,6.193668740181716,96,46,No Fruits (from harvest)
9,5.15726861534962,76,47,No Fruits (from harvest)
15,6.386306220635848,79,61,No Fruits (from harvest)
7,4.510505740585146,86,62,No Fruits (from harvest)
5,5.914907354030332,89,50,Fruits (from harvest)
11,5.15874936166638,79,70,No Fruits (from harvest)
15,5.274482886856457,77,58,No Fruits (from harvest)
13,5.815426287713308,83,58,Fruits (from harvest)
11,5.103545510353516,78,63,No Fruits (from harvest)
15,6.175030372875579,64,70,No Fruits (from harvest)
7,5.939056008131265,79,59,Fruits (from harvest)
15,5.821488360754018,91,51,Fruits (from harvest)
7,5.88642189424149,81,56,Fruits (from harvest)
15,4.855864006787188,91,68,No Fruits (from harvest)
15,4.596012420156078,57,65,No Fruits (from harvest)
10,4.789481929448247,72,70,No Fruits (from harvest)
9,4.513998589667571,71,45,No Fruits (from harvest)
8,5.3084082172972025,95,48,No Fruits (from harvest)
11,5.953154376930002,85,64,Fruits (from harvest)
11,4.590378632490538,91,59,No Fruits (from harvest)
10,6.347720038108233,92,50,No Fruits (from harvest)
7,5.054567589304494,83,49,No Fruits (from harvest)
15,6.078753792329756,79,50,No Fruits (from harvest)
6,5.942367959950856,81,60,Fruits (from harvest)
15,5.8319728420591925,92,46,No Fruits (from harvest)
15,4.589083378221533,59,68,No Fruits (from harvest)
5,6.177558050284086,100,69,No Fruits (from harvest)
8,5.796257489560323,85,61,Fruits (from harvest)
15,4.677396688385059,90,63,No Fruits (from harvest)
15,5.983588540448254,97,48,No Fruits (from harvest)
14,6.341071087474747,82,59,No Fruits (from harvest)
14,5.857268769781116,79,56,Fruits (from harvest)
11,5.304020749818905,60,49,No Fruits (from harvest)
14,6.494999085617605,81,67,No Fruits (from harvest)
12,5.806568708179755,92,58,Fruits (from harvest)
15,5.450720695641558,84,67,No Fruits (from harvest)
10,4.754818305408207,85,47,No Fruits (from harvest)
5,5.470888982230561,65,45,No Fruits (from harvest)
14,6.327006027934238,56,48,No Fruits (from harvest)
5,5.823829897942977,68,60,Fruits (from harvest)
13,6.340546984577976,76,45,No Fruits (from harvest)
15,4.7022730203544505,98,51,No Fruits (from harvest)
5,6.456299107256227,83,48,No Fruits (from harvest)
7,4.7991380581436545,71,66,No Fruits (from harvest)
13,5.352843860669001,71,62,No Fruits (from harvest)
14,4.537816721563237,76,58,No Fruits (from harvest)
7,4.858747216486517,57,65,No Fruits (from harvest)
5,5.236598609023998,92,61,No Fruits (from harvest)
11,5.845393295070269,69,53,Fruits (from harvest)
13,4.765136556327305,99,63,No Fruits (from harvest)
13,5.209694654272262,65,69,No Fruits (from harvest)
6,4.92458640592676,67,54,No Fruits (from harvest)
12,5.207819855236634,97,57,No Fruits (from harvest)
11,5.082058726425702,90,57,No Fruits (from harvest)
15,4.987012005997178,68,58,No Fruits (from harvest)
12,4.85259194088743,72,65,No Fruits (from harvest)
10,4.531720210577909,86,57,No Fruits (from harvest)
15,6.428886458986847,60,53,No Fruits (from harvest)
11,5.152607712196734,84,55,No Fruits (from harvest)
11,5.006890020592171,75,70,No Fruits (from harvest)
8,6.269049546229777,95,70,No Fruits (from harvest)
10,5.990745283439918,55,68,No Fruits (from harvest)
15,4.922874772014577,90,62,No Fruits (from harvest)
6,5.496804011551637,65,53,No Fruits (from harvest)
10,5.745057549501049,80,50,Fruits (from harvest)
12,6.466351940120899,92,51,No Fruits (from harvest)
9,5.48348121061092,81,58,No Fruits (from harvest)
14,4.811112031586658,76,50,No Fruits (from harvest)
10,5.104090869961827,85,67,No Fruits (from harvest)
12,4.644227143621351,88,51,No Fruits (from harvest)
12,5.93085875247971,63,60,No Fruits (from harvest)
8,4.8889023107781355,58,63,No Fruits (from harvest)
10,6.476287300859836,82,61,No Fruits (from harvest)
11,5.674428381869931,85,62,Fruits (from harvest)
6,5.979046742152306,80,64,Fruits (from harvest)
14,5.831694777865793,61,45,No Fruits (from harvest)
13,4.782028587369741,59,65,No Fruits (from harvest)
5,5.926087119473888,76,52,Fruits (from harvest)
11,5.702714186358238,97,51,No Fruits (from harvest)
7,5.653279827460471,99,63,No Fruits (from harvest)
11,4.980903596501429,55,51,No Fruits (from harvest)
5,4.529167303489536,70,49,No Fruits (from harvest)
15,5.0960741663996005,85,69,No Fruits (from harvest)
14,5.856269509911759,55,65,No Fruits (from harvest)
6,6.4508156098504825,83,48,No Fruits (from harvest)
6,5.477885209298751,61,56,No Fruits (from harvest)
5,5.688776884792796,89,46,No Fruits (from harvest)
6,4.835162184602664,99,51,No Fruits (from harvest)
14,4.954594700173974,77,61,No Fruits (from harvest)
13,6.349087848721992,82,56,No Fruits (from harvest)
7,4.850778468973868,87,69,No Fruits (from harvest)
13,5.836357067275521,76,64,Fruits (from harvest)
10,5.830834782120632,95,57,Fruits (from harvest)
6,5.237624385268088,88,46,No Fruits (from harvest)
7,5.2338544799666264,71,54,No Fruits (from harvest)
7,5.091851659974293,95,53,No Fruits (from harvest)
9,4.740018198556813,100,66,No Fruits (from harvest)
15,4.96045428512493,77,55,No Fruits (from harvest)
10,4.5993748726018024,90,59,No Fruits (from harvest)
9,4.930420099775553,60,62,No Fruits (from harvest)
9,4.9793399233058535,67,63,No Fruits (from harvest)
12,5.360271186128992,100,55,No Fruits (from harvest)
11,6.200484594952543,82,46,No Fruits (from harvest)
7,4.9235715865642735,75,58,No Fruits (from harvest)
15,4.953672568847752,86,59,No Fruits (from harvest)
15,5.007821465611661,88,51,No Fruits (from harvest)
11,6.032015855213462,57,65,No Fruits (from harvest)
8,5.024275154860796,92,67,No Fruits (from harvest)
12,4.94597147868726,84,66,No Fruits (from harvest)
7,5.608325747805502,58,52,No Fruits (from harvest)
10,5.557271376172137,64,61,No Fruits (from harvest)
8,5.7925848624330065,77,61,Fruits (from harvest)
10,4.580904499629996,77,69,No Fruits (from harvest)
10,5.538092388749833,84,64,Fruits (from harvest)
5,5.75925709329849,62,62,No Fruits (from harvest)
7,6.025391274858485,64,64,No Fruits (from harvest)
14,5.045369576420531,91,65,No Fruits (from harvest)
10,6.168548057063644,92,57,No Fruits (from harvest)
10,4.6442144544212205,90,54,No Fruits (from harvest)
6,5.856573520973117,87,69,No Fruits (from harvest)
6,5.697340860076976,73,70,No Fruits (from harvest)
14,6.482838293534058,64,45,No Fruits (from harvest)
7,4.633501146606409,66,47,No Fruits (from harvest)
11,4.54059519600516,70,65,No Fruits (from harvest)
5,5.403218946139794,79,51,No Fruits (from harvest)
7,4.544995216957345,76,64,No Fruits (from harvest)
7,5.870302226849768,100,45,No Fruits (from harvest)
12,4.887094916703298,57,48,No Fruits (from harvest)
5,4.555601881439921,84,47,No Fruits (from harvest)
8,5.047667033057721,72,57,No Fruits (from harvest)
15,5.86801272287905,74,56,Fruits (from harvest)
8,5.670128420200484,70,61,Fruits (from harvest)
12,5.56849966147404,85,52,Fruits (from harvest)
10,6.3776212768767735,64,47,No Fruits (from harvest)
13,5.570581049835539,58,64,No Fruits (from harvest)
8,4.79932623747916,64,55,No Fruits (from harvest)
12,4.703652389692254,84,54,No Fruits (from harvest)
12,5.868790452989717,92,65,Fruits (from harvest)
9,5.641537819468798,88,61,Fruits (from harvest)
14,6.210416573527259,96,59,No Fruits (from harvest)
9,4.732717402632581,91,60,No Fruits (from harvest)
6,4.799814698400153,93,53,No Fruits (from harvest)
11,5.298702177391263,64,67,No Fruits (from harvest)
13,6.124106666042954,69,61,No Fruits (from harvest)
8,6.102795984473891,91,47,No Fruits (from harvest)
15,5.130735221442158,65,49,No Fruits (from harvest)
14,6.279819538253908,66,66,No Fruits (from harvest)
11,4.53924919360178,97,66,No Fruits (from harvest)
9,5.05585667941936,75,51,No Fruits (from harvest)
6,5.103955634236882,89,64,No Fruits (from harvest)
15,4.737988995425328,97,67,No Fruits (from harvest)
15,4.638837066821772,60,52,No Fruits (from harvest)
6,5.205657490604227,64,69,No Fruits (from harvest)
14,4.50419001633821,89,49,No Fruits (from harvest)
14,5.335172262712415,57,62,No Fruits (from harvest)
13,4.520413325737947,74,55,No Fruits (from harvest)
11,5.431260632231221,68,60,No Fruits (from harvest)
10,6.20107481309911,64,64,No Fruits (from harvest)
11,4.787831947522841,90,45,No Fruits (from harvest)
6,6.0173867452610805,75,57,No Fruits (from harvest)
11,5.351826047727751,66,45,No Fruits (from harvest)
15,4.774813883639535,59,59,No Fruits (from harvest)
8,4.641948844246466,94,55,No Fruits (from harvest)
8,5.907318843649434,68,62,Fruits (from harvest)
7,5.835262976540388,58,70,No Fruits (from harvest)
5,6.0430146235005955,69,58,No Fruits (from harvest)
14,5.012419224546958,72,53,No Fruits (from harvest)
15,5.6340434626420715,91,48,No Fruits (from harvest)
5,5.6436485836409185,71,51,Fruits (from harvest)
11,6.168106414009875,94,49,No Fruits (from harvest)
13,4.717682679720848,73,69,No Fruits (from harvest)
6,5.151277695779886,95,49,No Fruits (from harvest)
11,5.2186463540336705,100,52,No Fruits (from harvest)
9,5.930580510215447,77,49,No Fruits (from harvest)
15,5.049471183880149,67,53,No Fruits (from harvest)
7,6.04303815241549,75,47,No Fruits (from harvest)
7,6.108242946717941,86,65,No Fruits (from harvest)
7,6.1687781994882505,60,49,No Fruits (from harvest)
8,4.729062042579288,72,55,No Fruits (from harvest)
9,6.044505621446864,87,63,No Fruits (from harvest)
6,5.3765010764434695,89,49,No Fruits (from harvest)
7,6.127416440399304,93,59,No Fruits (from harvest)
9,4.715294260107049,91,69,No Fruits (from harvest)
5,6.149978377349283,87,51,No Fruits (from harvest)
12,4.666142972656279,88,45,No Fruits (from harvest)
6,4.99257407749568,76,58,No Fruits (from harvest)
12,5.994695180174032,85,60,Fruits (from harvest)
8,5.312633777015225,65,62,No Fruits (from harvest)
8,6.363177649729655,57,51,No Fruits (from harvest)
5,6.1557116087387405,94,69,No Fruits (from harvest)
8,6.330549368763153,72,46,No Fruits (from harvest)
10,6.024863796552488,71,45,No Fruits (from harvest)
10,6.400542227884413,81,62,No Fruits (from harvest)
6,5.76826269817459,72,56,Fruits (from harvest)
12,5.827887776504587,94,54,Fruits (from harvest)
12,4.7457861458089585,63,64,No Fruits (from harvest)
8,5.20034715516063,93,64,No Fruits (from harvest)
6,5.96265038037553,55,59,No Fruits (from harvest)
12,6.309138028526647,87,68,No Fruits (from harvest)
5,4.992763508166577,86,68,No Fruits (from harvest)
9,6.074530508654166,57,68,No Fruits (from harvest)
5,6.229701243167723,71,48,No Fruits (from harvest)
7,5.073422883951062,89,69,No Fruits (from harvest)
10,5.968614038615496,89,58,Fruits (from harvest)
15,6.017550833893948,65,57,No Fruits (from harvest)
14,5.244411759433326,64,70,No Fruits (from harvest)
5,5.7358623052159405,100,54,No Fruits (from harvest)
5,4.749677913317217,91,53,No Fruits (from harvest)
11,6.007382691811473,73,51,No Fruits (from harvest)
6,5.777743718927338,68,57,Fruits (from harvest)
6,6.425543001910734,63,59,No Fruits (from harvest)
8,4.5247850715336675,92,48,No Fruits (from harvest)
12,4.834931288281047,99,53,No Fruits (from harvest)
9,6.314693271128285,69,57,No Fruits (from harvest)
10,5.439068071245974,65,63,No Fruits (from harvest)
5,4.889077276148674,79,55,No Fruits (from harvest)
5,6.250855413339542,73,51,No Fruits (from harvest)
10,5.6231873362124025,77,48,No Fruits (from harvest)
15,5.903007625624997,67,50,Fruits (from harvest)
11,6.2344067919670545,72,63,No Fruits (from harvest)
6,5.311530773530591,91,47,No Fruits (from harvest)
13,4.917428357979179,92,47,No Fruits (from harvest)
12,5.501424279610599,67,54,Fruits (from harvest)
15,4.9117424073218166,91,64,No Fruits (from harvest)
9,5.57012713190638,95,55,Fruits (from harvest)
6,6.220195696340813,73,54,No Fruits (from harvest)
15,6.4804232776136,84,47,No Fruits (from harvest)
9,4.916555112657713,87,51,No Fruits (from harvest)
13,6.2567509322970825,86,67,No Fruits (from harvest)
8,4.642759500808604,72,52,No Fruits (from harvest)
5,5.552363423170455,83,66,No Fruits (from harvest)
14,5.762506955511585,94,59,Fruits (from harvest)
6,5.091890128346501,84,60,No Fruits (from harvest)
7,6.310690754390875,65,66,No Fruits (from harvest)
8,5.022345303052078,61,60,No Fruits (from harvest)
13,6.329919399036484,69,57,No Fruits (from harvest)
9,4.56648583997391,57,51,No Fruits (from harvest)
12,5.458771812988828,92,59,No Fruits (from harvest)
13,5.229360472206893,84,65,No Fruits (from harvest)
5,6.3418076094280185,71,63,No Fruits (from harvest)
15,4.537606217506688,81,54,No Fruits (from harvest)
12,4.904529833628848,78,57,No Fruits (from harvest)
12,5.942287398631461,98,48,No Fruits (from harvest)
8,4.927566857970559,58,70,No Fruits (from harvest)
11,5.750287075287947,55,70,No Fruits (from harvest)
12,4.623557759971564,59,64,No Fruits (from harvest)
